raw,en,es
ethnic_group,--,--
Afroboliviano,Afroboliviano,Afroboliviano
Akarapis,Akarapis,Akarapis
Andamarca,Andamarca,Andamarca
Araona,Araona,Araona
Aroma,Aroma,Aroma
Ayllu Jila,Ayllu Jila,Ayllu Jila
Ayllu Jukumani,Ayllu Jukumani,Ayllu Jukumani
Ayllu Kacachaca,Ayllu Kacachaca,Ayllu Kacachaca
Ayllu Kharacha,Ayllu Kharacha,Ayllu Kharacha
Ayllu Porco,Ayllu Porco,Ayllu Porco
Ayllu Yura,Ayllu Yura,Ayllu Yura
Aymara,Aymara,Aymara
Ayoreo,Ayoreo,Ayoreo
Baure,Baure,Baure
Belén,Belén,Belén
Bésiro,Bésiro,Bésiro
Calcha,Calcha,Calcha
Canichana,Canichana,Canichana
Cavineño,Cavineño,Cavineño
Cayubaba,Cayubaba,Cayubaba
Chácobo,Chácobo,Chácobo
Challapata,Challapata,Challapata
Chané,Chané,Chané
Chaqui,Chaqui,Chaqui
Charagua,Charagua,Charagua
Charazani,Charazani,Charazani
Charka,Charka,Charka
Charka Qhara Qhara,Charka Qhara Qhara,Charka Qhara Qhara
Chayanta,Chayanta,Chayanta
Chichas,Chichas,Chichas
Chiquitano,Chiquitano,Chiquitano
Chiriguano,Chiriguano,Chiriguano
Choquecota,Choquecota,Choquecota
Chullpas,Chullpas,Chullpas
Chuwi,Chuwi,Chuwi
Condo,Condo,Condo
Coroma,Coroma,Coroma
Corque,Corque,Corque
Curahuara de Carangas,Curahuara de Carangas,Curahuara de Carangas
Ese Ejja,Ese Ejja,Ese Ejja
Guaraní,Guaraní,Guaraní
Guarasu´we,Guarasu´we,Guarasu´we
Gwarayu,Gwarayu,Gwarayu
Huachacalla,Huachacalla,Huachacalla
Huari,Huari,Huari
Huaylla Marka,Huaylla Marka,Huaylla Marka
Itonama,Itonama,Itonama
Jach'a Carangas,Jach'a Carangas,Jach'a Carangas
Jalq'a,Jalq'a,Jalq'a
Jatun Killacas,Jatun Killacas,Jatun Killacas
Javeriano,Javeriano,Javeriano
Jesús de Machaca,Jesús de Machaca,Jesús de Machaca
Joaquiniano,Joaquiniano,Joaquiniano
Kallawaya,Kallawaya,Kallawaya
Killacas,Killacas,Killacas
Lagunillas,Lagunillas,Lagunillas
Larecaja,Larecaja,Larecaja
Layme,Layme,Layme
Leco,Leco,Leco
Lípez,Lípez,Lípez
Loretano,Loretano,Loretano
Lupaca,Lupaca,Lupaca
Machineri,Machineri,Machineri
Maropa,Maropa,Maropa
Mataco,Mataco,Mataco
Mojeño,Mojeño,Mojeño
Mojeño Ignaciano,Mojeño Ignaciano,Mojeño Ignaciano
Mojeño Trinitario,Mojeño Trinitario,Mojeño Trinitario
Mojocoya,Mojocoya,Mojocoya
Mollo,Mollo,Mollo
Monkox,Monkox,Monkox
Moré,Moré,Moré
Moro Moro,Moro Moro,Moro Moro
Mosetén,Mosetén,Mosetén
Movima,Movima,Movima
Murato,Murato,Murato
Orinoca,Orinoca,Orinoca
Pacahuara,Pacahuara,Pacahuara
Pakajaqi,Pakajaqi,Pakajaqi
Pampa Aullagas,Pampa Aullagas,Pampa Aullagas
Pati Pati,Pati Pati,Pati Pati
Paunaca,Paunaca,Paunaca
Pojos,Pojos,Pojos
Pojpo,Pojpo,Pojpo
Poroma,Poroma,Poroma
Pucara,Pucara,Pucara
Puquina,Puquina,Puquina
Qhara Qhara,Qhara Qhara,Qhara Qhara
Quechua,Quechua,Quechua
Quila Quila,Quila Quila,Quila Quila
Qullas,Qullas,Qullas
Raqaypampa,Raqaypampa,Raqaypampa
Reyesano,Reyesano,Reyesano
Sabaya,Sabaya,Sabaya
Salinas,Salinas,Salinas
San Juan,San Juan,San Juan
Sirionó,Sirionó,Sirionó
Sora,Sora,Sora
Suyu Sura,Suyu Sura,Suyu Sura
Tacana,Tacana,Tacana
Tapiete,Tapiete,Tapiete
Tinquipaya,Tinquipaya,Tinquipaya
Tobas,Tobas,Tobas
Toromona,Toromona,Toromona
Totora Marka,Totora Marka,Totora Marka
Trinitario,Trinitario,Trinitario
Tsimane´,Tsimane´,Tsimane´
Turco,Turco,Turco
Uchupiamonas,Uchupiamonas,Uchupiamonas
Ucumasi,Ucumasi,Ucumasi
Urmiri de Quillacas,Urmiri de Quillacas,Urmiri de Quillacas
Uru,Uru,Uru
Uru-Chipaya,Uru-Chipaya,Uru-Chipaya
Uru-ito,Uru-ito,Uru-ito
Weenhayek,Weenhayek,Weenhayek
Yaminawa,Yaminawa,Yaminawa
Yampara,Yampara,Yampara
Yapacaní,Yapacaní,Yapacaní
Yuqui,Yuqui,Yuqui
Yurakaré,Yurakaré,Yurakaré
Yurakaré - Mojeño,Yurakaré - Mojeño,Yurakaré - Mojeño
Quechua - Aymara(1),Quechua - Aymara,Quechua - Aymara
Otros pueblos indígenas extranjeros(2),Otros pueblos indígenas extranjeros,Otros pueblos indígenas extranjeros
Más de una descripción(3),Más de una descripción,Más de una descripción
Nación(4),Nación,Nación
Pueblo,Pueblo,Pueblo
Indígena,Indígena,Indígena
Originario,Originario,Originario
Campesino,Campesino,Campesino
Combinación de conceptos de NPIOC(5),Combinación de conceptos de NPIOC,Combinación de conceptos de NPIOC
"Otros ayllus, marcas y organizaciones territoriales(6)","Otros ayllus, marcas y organizaciones territoriales","Otros ayllus, marcas y organizaciones territoriales"
Interculturales y otras organizaciones indígenas(7),Interculturales y otras organizaciones indígenas,Interculturales y otras organizaciones indígenas
Sin especificar(8),Unspecified Indigenous,Indígena sin especificar
language,--,--
afroboliviano,Afroboliviano,Afroboliviano
araona,Araona,Araona
aymara,Aymara,Aymara
baure,Baure,Baure
besiro,Besiro,Bésiro
canichana,Canichana,Canichana
castellano,Spanish,Castellano
cayubaba,Cayubaba,Cayubaba
chacobo,Chacobo,Chácobo
ese_ejja,Ese Ejja,Ese Ejja
guarani,Guarani,Guaraní
guarasu_we,Guarasu We,Guarasu'we
gwarayu,Gwarayu,Gwarayu
itonama,Itonama,Itonama
joaquiniano,Joaquiniano,Joaquiniano
kabinena,Kabinena,Kabineña
leco,Leco,Leco
machajuyay_kallawaya,Machajuyay Kallawaya,Machajuyay-Kallawaya
machineri,Machineri,Machineri
maropa,Maropa,Maropa
mojeno_ignaciano,Mojeno Ignaciano,Mojeño Ignaciano
mojeno_trinitario,Mojeno Trinitario,Mojeño Trinitario
more,More,Moré
moseten,Moseten,Mosetén
movima,Movima,Movima
pacahuara,Pacahuara,Pacahuara
puquina,Puquina,Puquina
quechua,Quechua,Quechua
siriono,Siriono,Sirionó
tacana,Tacana,Tacana
tapiete,Tapiete,Tapiete
tsimane,Tsimane,Tsimane'
uru_chipaya,Uru Chipaya,Uru-Chipaya
weenhayek,Weenhayek,Weenhayek
yaminawa,Yaminawa,Yaminawa
yuqui,Yuqui,Yuqui
yurakare,Yurakare,Yurakaré
zamuco,Zamuco,Zamuco
otras_declaraciones,Other,Otras declaraciones
albanes_ext,Albanes Ext,Albanes Ext
aleman_ext,Aleman Ext,Aleman Ext
arabe_ext,Arabe Ext,Arabe Ext
bulgaro_ext,Bulgaro Ext,Bulgaro Ext
catalan_ext,Catalan Ext,Catalan Ext
checo_ext,Checo Ext,Checo Ext
chino_ext,Chino Ext,Chino Ext
coreano_ext,Coreano Ext,Coreano Ext
croata_ext,Croata Ext,Croata Ext
danes_ext,Danes Ext,Danes Ext
finlandes_ext,Finlandes Ext,Finlandes Ext
frances_ext,Frances Ext,Frances Ext
gallego_ext,Gallego Ext,Gallego Ext
griego_ext,Griego Ext,Griego Ext
hebreo_ext,Hebreo Ext,Hebreo Ext
holandes_ext,Holandes Ext,Holandes Ext
hungaro_ext,Hungaro Ext,Hungaro Ext
ingles_ext,Ingles Ext,Ingles Ext
italiano_ext,Italiano Ext,Italiano Ext
japones_ext,Japones Ext,Japones Ext
latin_ext,Latin Ext,Latin Ext
noruego_ext,Noruego Ext,Noruego Ext
persa_ext,Persa Ext,Persa Ext
polaco_ext,Polaco Ext,Polaco Ext
portugues_ext,Portugues Ext,Portugues Ext
rumano_ext,Rumano Ext,Rumano Ext
ruso_ext,Ruso Ext,Ruso Ext
serbio_ext,Serbio Ext,Serbio Ext
sueco_ext,Sueco Ext,Sueco Ext
suizo_ext,Suizo Ext,Suizo Ext
tailandes_ext,Tailandes Ext,Tailandes Ext
taiwanes_ext,Taiwanes Ext,Taiwanes Ext
turco_ext,Turco Ext,Turco Ext
ucraniano_ext,Ucraniano Ext,Ucraniano Ext
valenciano_ext,Valenciano Ext,Valenciano Ext
vasco_ext,Vasco Ext,Vasco Ext
vietnames_ext,Vietnames Ext,Vietnames Ext
otro_idioma_extranjero_ext,Otro Idioma Extranjero Ext,Otro Idioma Extranjero Ext
lenguaje_de_senas,Lenguaje De Senas,Lenguaje de señas
