"municipality","department","file","size_kb"
"Baures","Beni","output/locator_maps/muni_maps/Baures_muni_locator_map.svg",2364.5
"Exaltación","Beni","output/locator_maps/muni_maps/Exaltacion_muni_locator_map.svg",2364.5
"Guayaramerín","Beni","output/locator_maps/muni_maps/Guayaramerin_muni_locator_map.svg",2364.5
"Huacaraje","Beni","output/locator_maps/muni_maps/Huacaraje_muni_locator_map.svg",2364.5
"Loreto","Beni","output/locator_maps/muni_maps/Loreto_muni_locator_map.svg",2364.5
"Magdalena","Beni","output/locator_maps/muni_maps/Magdalena_muni_locator_map.svg",2364.5
"Puerto Menor de Rurrenabaque","Beni","output/locator_maps/muni_maps/Puerto_Menor_de_Rurrenabaque_muni_locator_map.svg",2364.5
"Puerto Siles","Beni","output/locator_maps/muni_maps/Puerto_Siles_muni_locator_map.svg",2364.5
"Reyes","Beni","output/locator_maps/muni_maps/Reyes_muni_locator_map.svg",2364.5
"Riberalta","Beni","output/locator_maps/muni_maps/Riberalta_muni_locator_map.svg",2364.5
"San Andrés","Beni","output/locator_maps/muni_maps/San_Andres_muni_locator_map.svg",2364.5
"San Borja","Beni","output/locator_maps/muni_maps/San_Borja_muni_locator_map.svg",2364.5
"San Ignacio","Beni","output/locator_maps/muni_maps/San_Ignacio__Beni__muni_locator_map.svg",2364.5
"San Javier","Beni","output/locator_maps/muni_maps/San_Javier__Beni__muni_locator_map.svg",2364.5
"San Joaquín","Beni","output/locator_maps/muni_maps/San_Joaquin_muni_locator_map.svg",2364.5
"San Ramón","Beni","output/locator_maps/muni_maps/San_Ramon__Beni__muni_locator_map.svg",2364.5
"Santa Ana","Beni","output/locator_maps/muni_maps/Santa_Ana_muni_locator_map.svg",2364.5
"Santa Rosa","Beni","output/locator_maps/muni_maps/Santa_Rosa__Beni__muni_locator_map.svg",2364.5
"Trinidad","Beni","output/locator_maps/muni_maps/Trinidad_muni_locator_map.svg",2364.5
"Alcalá","Chuquisaca","output/locator_maps/muni_maps/Alcala_muni_locator_map.svg",2364.5
"Azurduy","Chuquisaca","output/locator_maps/muni_maps/Azurduy_muni_locator_map.svg",2364.5
"Camargo","Chuquisaca","output/locator_maps/muni_maps/Camargo_muni_locator_map.svg",2364.5
"Culpina","Chuquisaca","output/locator_maps/muni_maps/Culpina_muni_locator_map.svg",2364.5
"El Villar","Chuquisaca","output/locator_maps/muni_maps/El_Villar_muni_locator_map.svg",2364.5
"Huacareta","Chuquisaca","output/locator_maps/muni_maps/Huacareta_muni_locator_map.svg",2364.5
"Huacaya","Chuquisaca","output/locator_maps/muni_maps/Huacaya_muni_locator_map.svg",2364.5
"Incahuasi","Chuquisaca","output/locator_maps/muni_maps/Incahuasi_muni_locator_map.svg",2364.5
"Las Carreras","Chuquisaca","output/locator_maps/muni_maps/Las_Carreras_muni_locator_map.svg",2364.5
"Macharetí","Chuquisaca","output/locator_maps/muni_maps/Machareti_muni_locator_map.svg",2364.5
"Mojocoya","Chuquisaca","output/locator_maps/muni_maps/Mojocoya_muni_locator_map.svg",2364.5
"Monteagudo","Chuquisaca","output/locator_maps/muni_maps/Monteagudo_muni_locator_map.svg",2364.5
"Padilla","Chuquisaca","output/locator_maps/muni_maps/Padilla_muni_locator_map.svg",2364.5
"Poroma","Chuquisaca","output/locator_maps/muni_maps/Poroma_muni_locator_map.svg",2364.5
"Presto","Chuquisaca","output/locator_maps/muni_maps/Presto_muni_locator_map.svg",2364.5
"San Lucas","Chuquisaca","output/locator_maps/muni_maps/San_Lucas_muni_locator_map.svg",2364.5
"Sopachui","Chuquisaca","output/locator_maps/muni_maps/Sopachui_muni_locator_map.svg",2364.5
"Sucre","Chuquisaca","output/locator_maps/muni_maps/Sucre_muni_locator_map.svg",2364.5
"Tarabuco","Chuquisaca","output/locator_maps/muni_maps/Tarabuco_muni_locator_map.svg",2364.5
"Tarvita","Chuquisaca","output/locator_maps/muni_maps/Tarvita_muni_locator_map.svg",2364.5
"Tomina","Chuquisaca","output/locator_maps/muni_maps/Tomina_muni_locator_map.svg",2364.5
"Villa Abecia","Chuquisaca","output/locator_maps/muni_maps/Villa_Abecia_muni_locator_map.svg",2364.5
"Villa Charcas","Chuquisaca","output/locator_maps/muni_maps/Villa_Charcas_muni_locator_map.svg",2364.5
"Villa Ricardo Mugia - Icla","Chuquisaca","output/locator_maps/muni_maps/Villa_Ricardo_Mugia_-_Icla_muni_locator_map.svg",2364.5
"Villa Serrano","Chuquisaca","output/locator_maps/muni_maps/Villa_Serrano_muni_locator_map.svg",2364.5
"Villa Vaca Guzmán","Chuquisaca","output/locator_maps/muni_maps/Villa_Vaca_Guzman_muni_locator_map.svg",2364.5
"Yamparáez","Chuquisaca","output/locator_maps/muni_maps/Yamparaez_muni_locator_map.svg",2364.5
"Yotala","Chuquisaca","output/locator_maps/muni_maps/Yotala_muni_locator_map.svg",2364.5
"Zudañez","Chuquisaca","output/locator_maps/muni_maps/Zudanez_muni_locator_map.svg",2364.5
"Aiquile","Cochabamba","output/locator_maps/muni_maps/Aiquile_muni_locator_map.svg",2364.5
"Alalay","Cochabamba","output/locator_maps/muni_maps/Alalay_muni_locator_map.svg",2364.5
"Anzaldo","Cochabamba","output/locator_maps/muni_maps/Anzaldo_muni_locator_map.svg",2364.5
"Arani","Cochabamba","output/locator_maps/muni_maps/Arani_muni_locator_map.svg",2364.5
"Arbieto","Cochabamba","output/locator_maps/muni_maps/Arbieto_muni_locator_map.svg",2364.5
"Arque","Cochabamba","output/locator_maps/muni_maps/Arque_muni_locator_map.svg",2364.5
"Ayopaya","Cochabamba","output/locator_maps/muni_maps/Ayopaya_muni_locator_map.svg",2364.5
"Bolivar","Cochabamba","output/locator_maps/muni_maps/Bolivar_muni_locator_map.svg",2364.5
"Capinota","Cochabamba","output/locator_maps/muni_maps/Capinota_muni_locator_map.svg",2364.5
"Chimoré","Cochabamba","output/locator_maps/muni_maps/Chimore_muni_locator_map.svg",2364.5
"Cliza","Cochabamba","output/locator_maps/muni_maps/Cliza_muni_locator_map.svg",2364.5
"Cocapata","Cochabamba","output/locator_maps/muni_maps/Cocapata_muni_locator_map.svg",2364.5
"Cochabamba","Cochabamba","output/locator_maps/muni_maps/Cochabamba_muni_locator_map.svg",2364.5
"Colcapirhua","Cochabamba","output/locator_maps/muni_maps/Colcapirhua_muni_locator_map.svg",2364.5
"Colomi","Cochabamba","output/locator_maps/muni_maps/Colomi_muni_locator_map.svg",2364.5
"Entre Ríos","Cochabamba","output/locator_maps/muni_maps/Entre_Rios__Cochabamba__muni_locator_map.svg",2364.5
"Mizque","Cochabamba","output/locator_maps/muni_maps/Mizque_muni_locator_map.svg",2364.5
"Morochata","Cochabamba","output/locator_maps/muni_maps/Morochata_muni_locator_map.svg",2364.5
"Omereque","Cochabamba","output/locator_maps/muni_maps/Omereque_muni_locator_map.svg",2364.5
"Pasorapa","Cochabamba","output/locator_maps/muni_maps/Pasorapa_muni_locator_map.svg",2364.5
"Pocona","Cochabamba","output/locator_maps/muni_maps/Pocona_muni_locator_map.svg",2364.5
"Pojo","Cochabamba","output/locator_maps/muni_maps/Pojo_muni_locator_map.svg",2364.5
"Puerto Villarroel","Cochabamba","output/locator_maps/muni_maps/Puerto_Villarroel_muni_locator_map.svg",2364.5
"Punata","Cochabamba","output/locator_maps/muni_maps/Punata_muni_locator_map.svg",2364.5
"Quillacollo","Cochabamba","output/locator_maps/muni_maps/Quillacollo_muni_locator_map.svg",2364.5
"Sacaba","Cochabamba","output/locator_maps/muni_maps/Sacaba_muni_locator_map.svg",2364.5
"Sacabamba","Cochabamba","output/locator_maps/muni_maps/Sacabamba_muni_locator_map.svg",2364.5
"San Benito","Cochabamba","output/locator_maps/muni_maps/San_Benito_muni_locator_map.svg",2364.5
"Santivañez","Cochabamba","output/locator_maps/muni_maps/Santivanez_muni_locator_map.svg",2364.5
"Shinahota","Cochabamba","output/locator_maps/muni_maps/Shinahota_muni_locator_map.svg",2364.5
"Sicaya","Cochabamba","output/locator_maps/muni_maps/Sicaya_muni_locator_map.svg",2364.5
"Sipesipe","Cochabamba","output/locator_maps/muni_maps/Sipesipe_muni_locator_map.svg",2364.5
"Tacachi","Cochabamba","output/locator_maps/muni_maps/Tacachi_muni_locator_map.svg",2364.5
"Tacopaya","Cochabamba","output/locator_maps/muni_maps/Tacopaya_muni_locator_map.svg",2364.5
"Tapacarí","Cochabamba","output/locator_maps/muni_maps/Tapacari_muni_locator_map.svg",2364.5
"Tarata","Cochabamba","output/locator_maps/muni_maps/Tarata_muni_locator_map.svg",2364.5
"Tiquipaya","Cochabamba","output/locator_maps/muni_maps/Tiquipaya_muni_locator_map.svg",2364.5
"Tiraque","Cochabamba","output/locator_maps/muni_maps/Tiraque_muni_locator_map.svg",2364.5
"Toco","Cochabamba","output/locator_maps/muni_maps/Toco_muni_locator_map.svg",2364.5
"Tolata","Cochabamba","output/locator_maps/muni_maps/Tolata_muni_locator_map.svg",2364.5
"Totora","Cochabamba","output/locator_maps/muni_maps/Totora__Cochabamba__muni_locator_map.svg",2364.5
"Vacas","Cochabamba","output/locator_maps/muni_maps/Vacas_muni_locator_map.svg",2364.5
"Vila Vila","Cochabamba","output/locator_maps/muni_maps/Vila_Vila_muni_locator_map.svg",2364.5
"Villa Gualberto Villarroel","Cochabamba","output/locator_maps/muni_maps/Villa_Gualberto_Villarroel_muni_locator_map.svg",2364.5
"Villa Rivero","Cochabamba","output/locator_maps/muni_maps/Villa_Rivero_muni_locator_map.svg",2364.5
"Villa Tunari","Cochabamba","output/locator_maps/muni_maps/Villa_Tunari_muni_locator_map.svg",2364.5
"Vinto","Cochabamba","output/locator_maps/muni_maps/Vinto_muni_locator_map.svg",2364.5
"Achacachi","La Paz","output/locator_maps/muni_maps/Achacachi_muni_locator_map.svg",2364.5
"Achocalla","La Paz","output/locator_maps/muni_maps/Achocalla_muni_locator_map.svg",2364.5
"Alto Beni","La Paz","output/locator_maps/muni_maps/Alto_Beni_muni_locator_map.svg",2364.5
"Apolo","La Paz","output/locator_maps/muni_maps/Apolo_muni_locator_map.svg",2364.5
"Aucapata","La Paz","output/locator_maps/muni_maps/Aucapata_muni_locator_map.svg",2364.5
"Ayata","La Paz","output/locator_maps/muni_maps/Ayata_muni_locator_map.svg",2364.5
"Ayo Ayo","La Paz","output/locator_maps/muni_maps/Ayo_Ayo_muni_locator_map.svg",2364.5
"Batallas","La Paz","output/locator_maps/muni_maps/Batallas_muni_locator_map.svg",2364.5
"Cairoma","La Paz","output/locator_maps/muni_maps/Cairoma_muni_locator_map.svg",2364.5
"Cajuata","La Paz","output/locator_maps/muni_maps/Cajuata_muni_locator_map.svg",2364.5
"Calacoto","La Paz","output/locator_maps/muni_maps/Calacoto_muni_locator_map.svg",2364.5
"Calamarca","La Paz","output/locator_maps/muni_maps/Calamarca_muni_locator_map.svg",2364.5
"Caquiaviri","La Paz","output/locator_maps/muni_maps/Caquiaviri_muni_locator_map.svg",2364.5
"Caranavi","La Paz","output/locator_maps/muni_maps/Caranavi_muni_locator_map.svg",2364.5
"Catacora","La Paz","output/locator_maps/muni_maps/Catacora_muni_locator_map.svg",2364.5
"Chacarilla","La Paz","output/locator_maps/muni_maps/Chacarilla_muni_locator_map.svg",2364.5
"Charazani","La Paz","output/locator_maps/muni_maps/Charazani_muni_locator_map.svg",2364.5
"Charaña","La Paz","output/locator_maps/muni_maps/Charana_muni_locator_map.svg",2364.5
"Chua Cocani","La Paz","output/locator_maps/muni_maps/Chua_Cocani_muni_locator_map.svg",2364.5
"Chulumani","La Paz","output/locator_maps/muni_maps/Chulumani_muni_locator_map.svg",2364.5
"Chuma","La Paz","output/locator_maps/muni_maps/Chuma_muni_locator_map.svg",2364.5
"Collana","La Paz","output/locator_maps/muni_maps/Collana_muni_locator_map.svg",2364.5
"Colquencha","La Paz","output/locator_maps/muni_maps/Colquencha_muni_locator_map.svg",2364.5
"Colquiri","La Paz","output/locator_maps/muni_maps/Colquiri_muni_locator_map.svg",2364.5
"Comanche","La Paz","output/locator_maps/muni_maps/Comanche_muni_locator_map.svg",2364.5
"Combaya","La Paz","output/locator_maps/muni_maps/Combaya_muni_locator_map.svg",2364.5
"Copacabana","La Paz","output/locator_maps/muni_maps/Copacabana_muni_locator_map.svg",2364.5
"Coripata","La Paz","output/locator_maps/muni_maps/Coripata_muni_locator_map.svg",2364.5
"Corocoro","La Paz","output/locator_maps/muni_maps/Corocoro_muni_locator_map.svg",2364.5
"Coroico","La Paz","output/locator_maps/muni_maps/Coroico_muni_locator_map.svg",2364.5
"Curva","La Paz","output/locator_maps/muni_maps/Curva_muni_locator_map.svg",2364.5
"Desaguadero","La Paz","output/locator_maps/muni_maps/Desaguadero_muni_locator_map.svg",2364.5
"El Alto","La Paz","output/locator_maps/muni_maps/El_Alto_muni_locator_map.svg",2364.5
"Escoma","La Paz","output/locator_maps/muni_maps/Escoma_muni_locator_map.svg",2364.5
"Guanay","La Paz","output/locator_maps/muni_maps/Guanay_muni_locator_map.svg",2364.5
"Huarina","La Paz","output/locator_maps/muni_maps/Huarina_muni_locator_map.svg",2364.5
"Huatajata","La Paz","output/locator_maps/muni_maps/Huatajata_muni_locator_map.svg",2364.5
"Humanata","La Paz","output/locator_maps/muni_maps/Humanata_muni_locator_map.svg",2364.5
"Ichoca","La Paz","output/locator_maps/muni_maps/Ichoca_muni_locator_map.svg",2364.5
"Inquisivi","La Paz","output/locator_maps/muni_maps/Inquisivi_muni_locator_map.svg",2364.5
"Irupana","La Paz","output/locator_maps/muni_maps/Irupana_muni_locator_map.svg",2364.5
"Ixiamas","La Paz","output/locator_maps/muni_maps/Ixiamas_muni_locator_map.svg",2364.5
"Jesús de Machaka","La Paz","output/locator_maps/muni_maps/Jesus_de_Machaka_muni_locator_map.svg",2364.5
"La (Marka) San Andrés de Machaca","La Paz","output/locator_maps/muni_maps/La__Marka__San_Andres_de_Machaca_muni_locator_map.svg",2364.5
"La Asunta","La Paz","output/locator_maps/muni_maps/La_Asunta_muni_locator_map.svg",2364.5
"Laja","La Paz","output/locator_maps/muni_maps/Laja_muni_locator_map.svg",2364.5
"Luribay","La Paz","output/locator_maps/muni_maps/Luribay_muni_locator_map.svg",2364.5
"Malla","La Paz","output/locator_maps/muni_maps/Malla_muni_locator_map.svg",2364.5
"Mapiri","La Paz","output/locator_maps/muni_maps/Mapiri_muni_locator_map.svg",2364.5
"Mecapaca","La Paz","output/locator_maps/muni_maps/Mecapaca_muni_locator_map.svg",2364.5
"Mocomoco","La Paz","output/locator_maps/muni_maps/Mocomoco_muni_locator_map.svg",2364.5
"Nazacara de Pacajes","La Paz","output/locator_maps/muni_maps/Nazacara_de_Pacajes_muni_locator_map.svg",2364.5
"Nuestra Señora de La Paz","La Paz","output/locator_maps/muni_maps/Nuestra_Senora_de_La_Paz_muni_locator_map.svg",2364.5
"Palca","La Paz","output/locator_maps/muni_maps/Palca_muni_locator_map.svg",2364.5
"Palos Blancos","La Paz","output/locator_maps/muni_maps/Palos_Blancos_muni_locator_map.svg",2364.5
"Papel Pampa","La Paz","output/locator_maps/muni_maps/Papel_Pampa_muni_locator_map.svg",2364.5
"Patacamaya","La Paz","output/locator_maps/muni_maps/Patacamaya_muni_locator_map.svg",2364.5
"Pelechuco","La Paz","output/locator_maps/muni_maps/Pelechuco_muni_locator_map.svg",2364.5
"Pucarani","La Paz","output/locator_maps/muni_maps/Pucarani_muni_locator_map.svg",2364.5
"Puerto Acosta","La Paz","output/locator_maps/muni_maps/Puerto_Acosta_muni_locator_map.svg",2364.5
"Puerto Mayor de Carabuco","La Paz","output/locator_maps/muni_maps/Puerto_Mayor_de_Carabuco_muni_locator_map.svg",2364.5
"Puerto Mayor de Guaqui","La Paz","output/locator_maps/muni_maps/Puerto_Mayor_de_Guaqui_muni_locator_map.svg",2364.5
"Puerto Pérez","La Paz","output/locator_maps/muni_maps/Puerto_Perez_muni_locator_map.svg",2364.5
"Quiabaya","La Paz","output/locator_maps/muni_maps/Quiabaya_muni_locator_map.svg",2364.5
"Quime","La Paz","output/locator_maps/muni_maps/Quime_muni_locator_map.svg",2364.5
"San Buenaventura","La Paz","output/locator_maps/muni_maps/San_Buenaventura_muni_locator_map.svg",2364.5
"San Pedro de Curahuara","La Paz","output/locator_maps/muni_maps/San_Pedro_de_Curahuara_muni_locator_map.svg",2364.5
"San Pedro de Tiquina","La Paz","output/locator_maps/muni_maps/San_Pedro_de_Tiquina_muni_locator_map.svg",2364.5
"Santiago de Callapa","La Paz","output/locator_maps/muni_maps/Santiago_de_Callapa_muni_locator_map.svg",2364.5
"Santiago de Huata","La Paz","output/locator_maps/muni_maps/Santiago_de_Huata_muni_locator_map.svg",2364.5
"Santiago de Machaca","La Paz","output/locator_maps/muni_maps/Santiago_de_Machaca_muni_locator_map.svg",2364.5
"Sapahaqui","La Paz","output/locator_maps/muni_maps/Sapahaqui_muni_locator_map.svg",2364.5
"Sicasica","La Paz","output/locator_maps/muni_maps/Sicasica_muni_locator_map.svg",2364.5
"Sorata","La Paz","output/locator_maps/muni_maps/Sorata_muni_locator_map.svg",2364.5
"Tacacoma","La Paz","output/locator_maps/muni_maps/Tacacoma_muni_locator_map.svg",2364.5
"Taraco","La Paz","output/locator_maps/muni_maps/Taraco_muni_locator_map.svg",2364.5
"Teoponte","La Paz","output/locator_maps/muni_maps/Teoponte_muni_locator_map.svg",2364.5
"Tiahuanacu","La Paz","output/locator_maps/muni_maps/Tiahuanacu_muni_locator_map.svg",2364.5
"Tipuani","La Paz","output/locator_maps/muni_maps/Tipuani_muni_locator_map.svg",2364.5
"Tito Yupanqui","La Paz","output/locator_maps/muni_maps/Tito_Yupanqui_muni_locator_map.svg",2364.5
"Umala","La Paz","output/locator_maps/muni_maps/Umala_muni_locator_map.svg",2364.5
"Viacha","La Paz","output/locator_maps/muni_maps/Viacha_muni_locator_map.svg",2364.5
"Villa Ancoraimes","La Paz","output/locator_maps/muni_maps/Villa_Ancoraimes_muni_locator_map.svg",2364.5
"Villa Libertad Licoma","La Paz","output/locator_maps/muni_maps/Villa_Libertad_Licoma_muni_locator_map.svg",2364.5
"Waldo Ballivian","La Paz","output/locator_maps/muni_maps/Waldo_Ballivian_muni_locator_map.svg",2364.5
"Yaco","La Paz","output/locator_maps/muni_maps/Yaco_muni_locator_map.svg",2364.5
"Yanacachi","La Paz","output/locator_maps/muni_maps/Yanacachi_muni_locator_map.svg",2364.5
"Andamarca","Oruro","output/locator_maps/muni_maps/Andamarca_muni_locator_map.svg",2364.5
"Antequera","Oruro","output/locator_maps/muni_maps/Antequera_muni_locator_map.svg",2364.5
"Belén de Andamarca","Oruro","output/locator_maps/muni_maps/Belen_de_Andamarca_muni_locator_map.svg",2364.5
"Caracollo","Oruro","output/locator_maps/muni_maps/Caracollo_muni_locator_map.svg",2364.5
"Carangas","Oruro","output/locator_maps/muni_maps/Carangas_muni_locator_map.svg",2364.5
"Challapata","Oruro","output/locator_maps/muni_maps/Challapata_muni_locator_map.svg",2364.5
"Chipaya","Oruro","output/locator_maps/muni_maps/Chipaya_muni_locator_map.svg",2364.5
"Choquecota","Oruro","output/locator_maps/muni_maps/Choquecota_muni_locator_map.svg",2364.5
"Coipasa","Oruro","output/locator_maps/muni_maps/Coipasa_muni_locator_map.svg",2364.5
"Corque","Oruro","output/locator_maps/muni_maps/Corque_muni_locator_map.svg",2364.5
"Cruz de Machacamarca","Oruro","output/locator_maps/muni_maps/Cruz_de_Machacamarca_muni_locator_map.svg",2364.5
"Curahuara de Carangas","Oruro","output/locator_maps/muni_maps/Curahuara_de_Carangas_muni_locator_map.svg",2364.5
"El Choro","Oruro","output/locator_maps/muni_maps/El_Choro_muni_locator_map.svg",2364.5
"Escara","Oruro","output/locator_maps/muni_maps/Escara_muni_locator_map.svg",2364.5
"Esmeralda","Oruro","output/locator_maps/muni_maps/Esmeralda_muni_locator_map.svg",2364.5
"Eucaliptus","Oruro","output/locator_maps/muni_maps/Eucaliptus_muni_locator_map.svg",2364.5
"Huachacalla","Oruro","output/locator_maps/muni_maps/Huachacalla_muni_locator_map.svg",2364.5
"Huanuni","Oruro","output/locator_maps/muni_maps/Huanuni_muni_locator_map.svg",2364.5
"Huayllamarca","Oruro","output/locator_maps/muni_maps/Huayllamarca_muni_locator_map.svg",2364.5
"La Rivera","Oruro","output/locator_maps/muni_maps/La_Rivera_muni_locator_map.svg",2364.5
"Machacamarca","Oruro","output/locator_maps/muni_maps/Machacamarca_muni_locator_map.svg",2364.5
"Oruro","Oruro","output/locator_maps/muni_maps/Oruro_muni_locator_map.svg",2364.5
"Pampa Aullagas","Oruro","output/locator_maps/muni_maps/Pampa_Aullagas_muni_locator_map.svg",2364.5
"Paria","Oruro","output/locator_maps/muni_maps/Paria_muni_locator_map.svg",2364.5
"Pazña","Oruro","output/locator_maps/muni_maps/Pazna_muni_locator_map.svg",2364.5
"Poopó","Oruro","output/locator_maps/muni_maps/Poopo_muni_locator_map.svg",2364.5
"Sabaya","Oruro","output/locator_maps/muni_maps/Sabaya_muni_locator_map.svg",2364.5
"Salinas de Garcí Mendoza","Oruro","output/locator_maps/muni_maps/Salinas_de_Garci_Mendoza_muni_locator_map.svg",2364.5
"Santiago de Huari","Oruro","output/locator_maps/muni_maps/Santiago_de_Huari_muni_locator_map.svg",2364.5
"Santuario de Quillacas","Oruro","output/locator_maps/muni_maps/Santuario_de_Quillacas_muni_locator_map.svg",2364.5
"Todos Santos","Oruro","output/locator_maps/muni_maps/Todos_Santos_muni_locator_map.svg",2364.5
"Toledo","Oruro","output/locator_maps/muni_maps/Toledo_muni_locator_map.svg",2364.5
"Totora","Oruro","output/locator_maps/muni_maps/Totora__Oruro__muni_locator_map.svg",2364.5
"Turco","Oruro","output/locator_maps/muni_maps/Turco_muni_locator_map.svg",2364.5
"Yunguyo del Litoral","Oruro","output/locator_maps/muni_maps/Yunguyo_del_Litoral_muni_locator_map.svg",2364.5
"Bella Flor","Pando","output/locator_maps/muni_maps/Bella_Flor_muni_locator_map.svg",2364.5
"Bolpebra","Pando","output/locator_maps/muni_maps/Bolpebra_muni_locator_map.svg",2364.5
"Cobija","Pando","output/locator_maps/muni_maps/Cobija_muni_locator_map.svg",2364.5
"Filadelfia","Pando","output/locator_maps/muni_maps/Filadelfia_muni_locator_map.svg",2364.5
"Ingavi","Pando","output/locator_maps/muni_maps/Ingavi_muni_locator_map.svg",2364.5
"Nueva Esperanza","Pando","output/locator_maps/muni_maps/Nueva_Esperanza_muni_locator_map.svg",2364.5
"Porvenir","Pando","output/locator_maps/muni_maps/Porvenir_muni_locator_map.svg",2364.5
"Puerto Gonzalo Moreno","Pando","output/locator_maps/muni_maps/Puerto_Gonzalo_Moreno_muni_locator_map.svg",2364.5
"Puerto Rico","Pando","output/locator_maps/muni_maps/Puerto_Rico_muni_locator_map.svg",2364.5
"San Lorenzo","Pando","output/locator_maps/muni_maps/San_Lorenzo__Pando__muni_locator_map.svg",2364.5
"San Pedro","Pando","output/locator_maps/muni_maps/San_Pedro__Pando__muni_locator_map.svg",2364.5
"Santa Rosa","Pando","output/locator_maps/muni_maps/Santa_Rosa__Pando__muni_locator_map.svg",2364.5
"Santos Mercado","Pando","output/locator_maps/muni_maps/Santos_Mercado_muni_locator_map.svg",2364.5
"Sena","Pando","output/locator_maps/muni_maps/Sena_muni_locator_map.svg",2364.5
"Villa Nueva","Pando","output/locator_maps/muni_maps/Villa_Nueva_muni_locator_map.svg",2364.5
"Acasio","Potosí","output/locator_maps/muni_maps/Acasio_muni_locator_map.svg",2364.5
"Arampampa","Potosí","output/locator_maps/muni_maps/Arampampa_muni_locator_map.svg",2364.5
"Atocha","Potosí","output/locator_maps/muni_maps/Atocha_muni_locator_map.svg",2364.5
"Betanzos","Potosí","output/locator_maps/muni_maps/Betanzos_muni_locator_map.svg",2364.5
"Caiza ""D""","Potosí","output/locator_maps/muni_maps/Caiza__D__muni_locator_map.svg",2364.5
"Caripuyo","Potosí","output/locator_maps/muni_maps/Caripuyo_muni_locator_map.svg",2364.5
"Chaquí","Potosí","output/locator_maps/muni_maps/Chaqui_muni_locator_map.svg",2364.5
"Chayanta","Potosí","output/locator_maps/muni_maps/Chayanta_muni_locator_map.svg",2364.5
"Chuquihuta Ayllu Jucumani","Potosí","output/locator_maps/muni_maps/Chuquihuta_Ayllu_Jucumani_muni_locator_map.svg",2364.5
"Ckochas","Potosí","output/locator_maps/muni_maps/Ckochas_muni_locator_map.svg",2364.5
"Colcha ""K""","Potosí","output/locator_maps/muni_maps/Colcha__K__muni_locator_map.svg",2364.5
"Colquechaca","Potosí","output/locator_maps/muni_maps/Colquechaca_muni_locator_map.svg",2364.5
"Cotagaita","Potosí","output/locator_maps/muni_maps/Cotagaita_muni_locator_map.svg",2364.5
"Llallagua","Potosí","output/locator_maps/muni_maps/Llallagua_muni_locator_map.svg",2364.5
"Llica","Potosí","output/locator_maps/muni_maps/Llica_muni_locator_map.svg",2364.5
"Mojinete","Potosí","output/locator_maps/muni_maps/Mojinete_muni_locator_map.svg",2364.5
"Ocurí","Potosí","output/locator_maps/muni_maps/Ocuri_muni_locator_map.svg",2364.5
"Pocoata","Potosí","output/locator_maps/muni_maps/Pocoata_muni_locator_map.svg",2364.5
"Porco","Potosí","output/locator_maps/muni_maps/Porco_muni_locator_map.svg",2364.5
"Potosí","Potosí","output/locator_maps/muni_maps/Potosi_muni_locator_map.svg",2364.5
"Puna","Potosí","output/locator_maps/muni_maps/Puna_muni_locator_map.svg",2364.5
"Ravelo","Potosí","output/locator_maps/muni_maps/Ravelo_muni_locator_map.svg",2364.5
"Sacaca","Potosí","output/locator_maps/muni_maps/Sacaca_muni_locator_map.svg",2364.5
"San Agustín","Potosí","output/locator_maps/muni_maps/San_Agustin_muni_locator_map.svg",2364.5
"San Antonio de Esmoruco","Potosí","output/locator_maps/muni_maps/San_Antonio_de_Esmoruco_muni_locator_map.svg",2364.5
"San Pablo","Potosí","output/locator_maps/muni_maps/San_Pablo_muni_locator_map.svg",2364.5
"San Pedro","Potosí","output/locator_maps/muni_maps/San_Pedro__Potosi__muni_locator_map.svg",2364.5
"San Pedro de Quemes","Potosí","output/locator_maps/muni_maps/San_Pedro_de_Quemes_muni_locator_map.svg",2364.5
"Tacobamba","Potosí","output/locator_maps/muni_maps/Tacobamba_muni_locator_map.svg",2364.5
"Tahua","Potosí","output/locator_maps/muni_maps/Tahua_muni_locator_map.svg",2364.5
"Tinguipaya","Potosí","output/locator_maps/muni_maps/Tinguipaya_muni_locator_map.svg",2364.5
"Tomave","Potosí","output/locator_maps/muni_maps/Tomave_muni_locator_map.svg",2364.5
"Toro Toro","Potosí","output/locator_maps/muni_maps/Toro_Toro_muni_locator_map.svg",2364.5
"Tupiza","Potosí","output/locator_maps/muni_maps/Tupiza_muni_locator_map.svg",2364.5
"Uncía","Potosí","output/locator_maps/muni_maps/Uncia_muni_locator_map.svg",2364.5
"Urmiri","Potosí","output/locator_maps/muni_maps/Urmiri_muni_locator_map.svg",2364.5
"Uyuni","Potosí","output/locator_maps/muni_maps/Uyuni_muni_locator_map.svg",2364.5
"Villazón","Potosí","output/locator_maps/muni_maps/Villazon_muni_locator_map.svg",2364.5
"Vitiche","Potosí","output/locator_maps/muni_maps/Vitiche_muni_locator_map.svg",2364.5
"Yocalla","Potosí","output/locator_maps/muni_maps/Yocalla_muni_locator_map.svg",2364.5
"Ascención de Guarayos","Santa Cruz","output/locator_maps/muni_maps/Ascencion_de_Guarayos_muni_locator_map.svg",2364.5
"Boyuibe","Santa Cruz","output/locator_maps/muni_maps/Boyuibe_muni_locator_map.svg",2364.5
"Buena Vista","Santa Cruz","output/locator_maps/muni_maps/Buena_Vista_muni_locator_map.svg",2364.5
"Cabezas","Santa Cruz","output/locator_maps/muni_maps/Cabezas_muni_locator_map.svg",2364.5
"Camiri","Santa Cruz","output/locator_maps/muni_maps/Camiri_muni_locator_map.svg",2364.5
"Charagua","Santa Cruz","output/locator_maps/muni_maps/Charagua_muni_locator_map.svg",2364.5
"Colpa Bélgica","Santa Cruz","output/locator_maps/muni_maps/Colpa_Belgica_muni_locator_map.svg",2364.5
"Comarapa","Santa Cruz","output/locator_maps/muni_maps/Comarapa_muni_locator_map.svg",2364.5
"Concepción","Santa Cruz","output/locator_maps/muni_maps/Concepcion_muni_locator_map.svg",2364.5
"Cotoca","Santa Cruz","output/locator_maps/muni_maps/Cotoca_muni_locator_map.svg",2364.5
"Cuatro Cañadas","Santa Cruz","output/locator_maps/muni_maps/Cuatro_Canadas_muni_locator_map.svg",2364.5
"Cuevo","Santa Cruz","output/locator_maps/muni_maps/Cuevo_muni_locator_map.svg",2364.5
"El Carmen Rivero Tórrez","Santa Cruz","output/locator_maps/muni_maps/El_Carmen_Rivero_Torrez_muni_locator_map.svg",2364.5
"El Puente","Santa Cruz","output/locator_maps/muni_maps/El_Puente__Santa_Cruz__muni_locator_map.svg",2364.5
"El Torno","Santa Cruz","output/locator_maps/muni_maps/El_Torno_muni_locator_map.svg",2364.5
"Fernández Alonso","Santa Cruz","output/locator_maps/muni_maps/Fernandez_Alonso_muni_locator_map.svg",2364.5
"General Saavedra","Santa Cruz","output/locator_maps/muni_maps/General_Saavedra_muni_locator_map.svg",2364.5
"Gutiérrez","Santa Cruz","output/locator_maps/muni_maps/Gutierrez_muni_locator_map.svg",2364.5
"La Guardia","Santa Cruz","output/locator_maps/muni_maps/La_Guardia_muni_locator_map.svg",2364.5
"Lagunillas","Santa Cruz","output/locator_maps/muni_maps/Lagunillas_muni_locator_map.svg",2364.5
"Mairana","Santa Cruz","output/locator_maps/muni_maps/Mairana_muni_locator_map.svg",2364.5
"Mineros","Santa Cruz","output/locator_maps/muni_maps/Mineros_muni_locator_map.svg",2364.5
"Montero","Santa Cruz","output/locator_maps/muni_maps/Montero_muni_locator_map.svg",2364.5
"Moromoro","Santa Cruz","output/locator_maps/muni_maps/Moromoro_muni_locator_map.svg",2364.5
"Okinawa Uno","Santa Cruz","output/locator_maps/muni_maps/Okinawa_Uno_muni_locator_map.svg",2364.5
"Pailón","Santa Cruz","output/locator_maps/muni_maps/Pailon_muni_locator_map.svg",2364.5
"Pampa Grande","Santa Cruz","output/locator_maps/muni_maps/Pampa_Grande_muni_locator_map.svg",2364.5
"Porongo","Santa Cruz","output/locator_maps/muni_maps/Porongo_muni_locator_map.svg",2364.5
"Portachuelo","Santa Cruz","output/locator_maps/muni_maps/Portachuelo_muni_locator_map.svg",2364.5
"Postrervalle","Santa Cruz","output/locator_maps/muni_maps/Postrervalle_muni_locator_map.svg",2364.5
"Pucará","Santa Cruz","output/locator_maps/muni_maps/Pucara_muni_locator_map.svg",2364.5
"Puerto Quijarro","Santa Cruz","output/locator_maps/muni_maps/Puerto_Quijarro_muni_locator_map.svg",2364.5
"Puerto Suarez","Santa Cruz","output/locator_maps/muni_maps/Puerto_Suarez_muni_locator_map.svg",2364.5
"Quirusillas","Santa Cruz","output/locator_maps/muni_maps/Quirusillas_muni_locator_map.svg",2364.5
"Roboré","Santa Cruz","output/locator_maps/muni_maps/Robore_muni_locator_map.svg",2364.5
"Saipina","Santa Cruz","output/locator_maps/muni_maps/Saipina_muni_locator_map.svg",2364.5
"Samaipata","Santa Cruz","output/locator_maps/muni_maps/Samaipata_muni_locator_map.svg",2364.5
"San Antonio de Lomerio","Santa Cruz","output/locator_maps/muni_maps/San_Antonio_de_Lomerio_muni_locator_map.svg",2364.5
"San Carlos","Santa Cruz","output/locator_maps/muni_maps/San_Carlos_muni_locator_map.svg",2364.5
"San Ignacio","Santa Cruz","output/locator_maps/muni_maps/San_Ignacio__Santa_Cruz__muni_locator_map.svg",2364.5
"San Javier","Santa Cruz","output/locator_maps/muni_maps/San_Javier__Santa_Cruz__muni_locator_map.svg",2364.5
"San José","Santa Cruz","output/locator_maps/muni_maps/San_Jose_muni_locator_map.svg",2364.5
"San Juan","Santa Cruz","output/locator_maps/muni_maps/San_Juan_muni_locator_map.svg",2364.5
"San Julián","Santa Cruz","output/locator_maps/muni_maps/San_Julian_muni_locator_map.svg",2364.5
"San Matías","Santa Cruz","output/locator_maps/muni_maps/San_Matias_muni_locator_map.svg",2364.5
"San Miguel","Santa Cruz","output/locator_maps/muni_maps/San_Miguel_muni_locator_map.svg",2364.5
"San Pedro","Santa Cruz","output/locator_maps/muni_maps/San_Pedro__Santa_Cruz__muni_locator_map.svg",2364.5
"San Rafael","Santa Cruz","output/locator_maps/muni_maps/San_Rafael_muni_locator_map.svg",2364.5
"San Ramón","Santa Cruz","output/locator_maps/muni_maps/San_Ramon__Santa_Cruz__muni_locator_map.svg",2364.5
"Santa Cruz de la Sierra","Santa Cruz","output/locator_maps/muni_maps/Santa_Cruz_de_la_Sierra_muni_locator_map.svg",2364.5
"Santa Rosa","Santa Cruz","output/locator_maps/muni_maps/Santa_Rosa__Santa_Cruz__muni_locator_map.svg",2364.5
"Trigal","Santa Cruz","output/locator_maps/muni_maps/Trigal_muni_locator_map.svg",2364.5
"Urubicha","Santa Cruz","output/locator_maps/muni_maps/Urubicha_muni_locator_map.svg",2364.5
"Vallegrande","Santa Cruz","output/locator_maps/muni_maps/Vallegrande_muni_locator_map.svg",2364.5
"Warnes","Santa Cruz","output/locator_maps/muni_maps/Warnes_muni_locator_map.svg",2364.5
"Yapacaní","Santa Cruz","output/locator_maps/muni_maps/Yapacani_muni_locator_map.svg",2364.5
"Bermejo","Tarija","output/locator_maps/muni_maps/Bermejo_muni_locator_map.svg",2364.5
"Caraparí","Tarija","output/locator_maps/muni_maps/Carapari_muni_locator_map.svg",2364.5
"El Puente","Tarija","output/locator_maps/muni_maps/El_Puente__Tarija__muni_locator_map.svg",2364.5
"Entre Ríos","Tarija","output/locator_maps/muni_maps/Entre_Rios__Tarija__muni_locator_map.svg",2364.5
"Padcaya","Tarija","output/locator_maps/muni_maps/Padcaya_muni_locator_map.svg",2364.5
"San Lorenzo","Tarija","output/locator_maps/muni_maps/San_Lorenzo__Tarija__muni_locator_map.svg",2364.5
"Tarija","Tarija","output/locator_maps/muni_maps/Tarija_muni_locator_map.svg",2364.5
"Uriondo","Tarija","output/locator_maps/muni_maps/Uriondo_muni_locator_map.svg",2364.5
"Villa Montes","Tarija","output/locator_maps/muni_maps/Villa_Montes_muni_locator_map.svg",2364.5
"Yacuiba","Tarija","output/locator_maps/muni_maps/Yacuiba_muni_locator_map.svg",2364.5
"Yunchará","Tarija","output/locator_maps/muni_maps/Yunchara_muni_locator_map.svg",2364.5
