"municipality","department","muni_anexo","file","size_kb"
"Baures","Beni","Baures","output/locator_maps/muni-maps-final/Baures_muni_locator_map.svg",2837.4
"Exaltación","Beni","Exaltación","output/locator_maps/muni-maps-final/Exaltacion_muni_locator_map.svg",2837.4
"Guayaramerín","Beni","Guayaramerín","output/locator_maps/muni-maps-final/Guayaramerin_muni_locator_map.svg",2837.4
"Huacaraje","Beni","Huacaraje","output/locator_maps/muni-maps-final/Huacaraje_muni_locator_map.svg",2837.4
"Loreto","Beni","Loreto","output/locator_maps/muni-maps-final/Loreto_muni_locator_map.svg",2837.4
"Magdalena","Beni","Magdalena","output/locator_maps/muni-maps-final/Magdalena_muni_locator_map.svg",2837.4
"Puerto Menor de Rurrenabaque","Beni","Rurrenabaque","output/locator_maps/muni-maps-final/Rurrenabaque_muni_locator_map.svg",2837.4
"Puerto Siles","Beni","Puerto Siles","output/locator_maps/muni-maps-final/Puerto_Siles_muni_locator_map.svg",2837.4
"Reyes","Beni","Reyes","output/locator_maps/muni-maps-final/Reyes_muni_locator_map.svg",2837.4
"Riberalta","Beni","Riberalta","output/locator_maps/muni-maps-final/Riberalta_muni_locator_map.svg",2837.4
"San Andrés","Beni","San Andrés","output/locator_maps/muni-maps-final/San_Andres_muni_locator_map.svg",2837.4
"San Borja","Beni","San Borja","output/locator_maps/muni-maps-final/San_Borja_muni_locator_map.svg",2837.4
"San Ignacio","Beni","San Ignacio de Moxos","output/locator_maps/muni-maps-final/San_Ignacio_de_Moxos_muni_locator_map.svg",2837.4
"San Javier","Beni","San Javier","output/locator_maps/muni-maps-final/San_Javier_(Beni)_muni_locator_map.svg",2837.4
"San Joaquín","Beni","San Joaquín","output/locator_maps/muni-maps-final/San_Joaquin_muni_locator_map.svg",2837.4
"San Ramón","Beni","San Ramón","output/locator_maps/muni-maps-final/San_Ramon_(Beni)_muni_locator_map.svg",2837.4
"Santa Ana","Beni","Santa Ana del Yacuma","output/locator_maps/muni-maps-final/Santa_Ana_del_Yacuma_muni_locator_map.svg",2837.4
"Santa Rosa","Beni","Santa Rosa","output/locator_maps/muni-maps-final/Santa_Rosa_muni_locator_map.svg",2837.4
"Trinidad","Beni","Trinidad","output/locator_maps/muni-maps-final/Trinidad_muni_locator_map.svg",2837.4
"Alcalá","Chuquisaca","Villa Alcalá","output/locator_maps/muni-maps-final/Villa_Alcala_muni_locator_map.svg",2837.4
"Azurduy","Chuquisaca","Azurduy","output/locator_maps/muni-maps-final/Azurduy_muni_locator_map.svg",2837.4
"Camargo","Chuquisaca","Camargo","output/locator_maps/muni-maps-final/Camargo_muni_locator_map.svg",2837.4
"Culpina","Chuquisaca","Culpina","output/locator_maps/muni-maps-final/Culpina_muni_locator_map.svg",2837.4
"El Villar","Chuquisaca","El Villar","output/locator_maps/muni-maps-final/El_Villar_muni_locator_map.svg",2837.4
"Huacareta","Chuquisaca","Huacareta","output/locator_maps/muni-maps-final/Huacareta_muni_locator_map.svg",2837.4
"Huacaya","Chuquisaca","Huacaya","output/locator_maps/muni-maps-final/Huacaya_muni_locator_map.svg",2837.4
"Incahuasi","Chuquisaca","Incahuasi","output/locator_maps/muni-maps-final/Incahuasi_muni_locator_map.svg",2837.4
"Las Carreras","Chuquisaca","Las Carreras","output/locator_maps/muni-maps-final/Las_Carreras_muni_locator_map.svg",2837.4
"Macharetí","Chuquisaca","Macharetí","output/locator_maps/muni-maps-final/Machareti_muni_locator_map.svg",2837.4
"Mojocoya","Chuquisaca","Villa Mojocoya","output/locator_maps/muni-maps-final/Villa_Mojocoya_muni_locator_map.svg",2837.4
"Monteagudo","Chuquisaca","Monteagudo","output/locator_maps/muni-maps-final/Monteagudo_muni_locator_map.svg",2837.4
"Padilla","Chuquisaca","Padilla","output/locator_maps/muni-maps-final/Padilla_muni_locator_map.svg",2837.4
"Poroma","Chuquisaca","Poroma","output/locator_maps/muni-maps-final/Poroma_muni_locator_map.svg",2837.4
"Presto","Chuquisaca","Presto","output/locator_maps/muni-maps-final/Presto_muni_locator_map.svg",2837.4
"San Lucas","Chuquisaca","San Lucas","output/locator_maps/muni-maps-final/San_Lucas_muni_locator_map.svg",2837.4
"Sopachui","Chuquisaca","Sopachuy","output/locator_maps/muni-maps-final/Sopachuy_muni_locator_map.svg",2837.4
"Sucre","Chuquisaca","Sucre","output/locator_maps/muni-maps-final/Sucre_muni_locator_map.svg",2837.4
"Tarabuco","Chuquisaca","Tarabuco","output/locator_maps/muni-maps-final/Tarabuco_muni_locator_map.svg",2837.4
"Tarvita","Chuquisaca","Tarvita","output/locator_maps/muni-maps-final/Tarvita_muni_locator_map.svg",2837.4
"Tomina","Chuquisaca","Tomina","output/locator_maps/muni-maps-final/Tomina_muni_locator_map.svg",2837.4
"Villa Abecia","Chuquisaca","Villa Abecia","output/locator_maps/muni-maps-final/Villa_Abecia_muni_locator_map.svg",2837.4
"Villa Charcas","Chuquisaca","Villa Charcas","output/locator_maps/muni-maps-final/Villa_Charcas_muni_locator_map.svg",2837.4
"Villa Ricardo Mugia - Icla","Chuquisaca","Icla","output/locator_maps/muni-maps-final/Icla_muni_locator_map.svg",2837.4
"Villa Serrano","Chuquisaca","Villa Serrano","output/locator_maps/muni-maps-final/Villa_Serrano_muni_locator_map.svg",2837.4
"Villa Vaca Guzmán","Chuquisaca","Villa Vaca Guzmán","output/locator_maps/muni-maps-final/Villa_Vaca_Guzman_muni_locator_map.svg",2837.4
"Yamparáez","Chuquisaca","Yamparáez","output/locator_maps/muni-maps-final/Yamparaez_muni_locator_map.svg",2837.4
"Yotala","Chuquisaca","Yotala","output/locator_maps/muni-maps-final/Yotala_muni_locator_map.svg",2837.4
"Zudañez","Chuquisaca","Villa Zudáñez","output/locator_maps/muni-maps-final/Villa_Zudanez_muni_locator_map.svg",2837.4
"Aiquile","Cochabamba","Aiquile","output/locator_maps/muni-maps-final/Aiquile_muni_locator_map.svg",2837.4
"Alalay","Cochabamba","Alalay","output/locator_maps/muni-maps-final/Alalay_muni_locator_map.svg",2837.4
"Anzaldo","Cochabamba","Anzaldo","output/locator_maps/muni-maps-final/Anzaldo_muni_locator_map.svg",2837.4
"Arani","Cochabamba","Arani","output/locator_maps/muni-maps-final/Arani_muni_locator_map.svg",2837.4
"Arbieto","Cochabamba","Arbieto","output/locator_maps/muni-maps-final/Arbieto_muni_locator_map.svg",2837.4
"Arque","Cochabamba","Arque","output/locator_maps/muni-maps-final/Arque_muni_locator_map.svg",2837.4
"Ayopaya","Cochabamba","Independencia","output/locator_maps/muni-maps-final/Independencia_muni_locator_map.svg",2837.4
"Bolivar","Cochabamba","Bolívar","output/locator_maps/muni-maps-final/Bolivar_muni_locator_map.svg",2837.4
"Capinota","Cochabamba","Capinota","output/locator_maps/muni-maps-final/Capinota_muni_locator_map.svg",2837.4
"Chimoré","Cochabamba","Chimoré","output/locator_maps/muni-maps-final/Chimore_muni_locator_map.svg",2837.4
"Cliza","Cochabamba","Cliza","output/locator_maps/muni-maps-final/Cliza_muni_locator_map.svg",2837.4
"Cocapata","Cochabamba","Cocapata","output/locator_maps/muni-maps-final/Cocapata_muni_locator_map.svg",2837.4
"Cochabamba","Cochabamba","Cochabamba","output/locator_maps/muni-maps-final/Cochabamba_muni_locator_map.svg",2837.4
"Colcapirhua","Cochabamba","Colcapirhua","output/locator_maps/muni-maps-final/Colcapirhua_muni_locator_map.svg",2837.4
"Colomi","Cochabamba","Colomi","output/locator_maps/muni-maps-final/Colomi_muni_locator_map.svg",2837.4
"Entre Ríos","Cochabamba","Entre Ríos","output/locator_maps/muni-maps-final/Entre_Rios_(Cochabamba)_muni_locator_map.svg",2837.4
"Mizque","Cochabamba","Mizque","output/locator_maps/muni-maps-final/Mizque_muni_locator_map.svg",2837.4
"Morochata","Cochabamba","Morochata","output/locator_maps/muni-maps-final/Morochata_muni_locator_map.svg",2837.4
"Omereque","Cochabamba","Omereque","output/locator_maps/muni-maps-final/Omereque_muni_locator_map.svg",2837.4
"Pasorapa","Cochabamba","Pasorapa","output/locator_maps/muni-maps-final/Pasorapa_muni_locator_map.svg",2837.4
"Pocona","Cochabamba","Pocona","output/locator_maps/muni-maps-final/Pocona_muni_locator_map.svg",2837.4
"Pojo","Cochabamba","Pojo","output/locator_maps/muni-maps-final/Pojo_muni_locator_map.svg",2837.4
"Puerto Villarroel","Cochabamba","Puerto Villarroel","output/locator_maps/muni-maps-final/Puerto_Villarroel_muni_locator_map.svg",2837.4
"Punata","Cochabamba","Punata","output/locator_maps/muni-maps-final/Punata_muni_locator_map.svg",2837.4
"Quillacollo","Cochabamba","Quillacollo","output/locator_maps/muni-maps-final/Quillacollo_muni_locator_map.svg",2837.4
"Sacaba","Cochabamba","Sacaba","output/locator_maps/muni-maps-final/Sacaba_muni_locator_map.svg",2837.4
"Sacabamba","Cochabamba","Sacabamba","output/locator_maps/muni-maps-final/Sacabamba_muni_locator_map.svg",2837.4
"San Benito","Cochabamba","San Benito","output/locator_maps/muni-maps-final/San_Benito_muni_locator_map.svg",2837.4
"Santivañez","Cochabamba","Santiváñez","output/locator_maps/muni-maps-final/Santivanez_muni_locator_map.svg",2837.4
"Shinahota","Cochabamba","Shinahota","output/locator_maps/muni-maps-final/Shinahota_muni_locator_map.svg",2837.4
"Sicaya","Cochabamba","Sicaya","output/locator_maps/muni-maps-final/Sicaya_muni_locator_map.svg",2837.4
"Sipesipe","Cochabamba","Sipe Sipe","output/locator_maps/muni-maps-final/Sipe_Sipe_muni_locator_map.svg",2837.4
"Tacachi","Cochabamba","Tacachi","output/locator_maps/muni-maps-final/Tacachi_muni_locator_map.svg",2837.4
"Tacopaya","Cochabamba","Tacopaya","output/locator_maps/muni-maps-final/Tacopaya_muni_locator_map.svg",2837.4
"Tapacarí","Cochabamba","Tapacarí","output/locator_maps/muni-maps-final/Tapacari_muni_locator_map.svg",2837.4
"Tarata","Cochabamba","Tarata","output/locator_maps/muni-maps-final/Tarata_muni_locator_map.svg",2837.4
"Tiquipaya","Cochabamba","Tiquipaya","output/locator_maps/muni-maps-final/Tiquipaya_muni_locator_map.svg",2837.4
"Tiraque","Cochabamba","Tiraque","output/locator_maps/muni-maps-final/Tiraque_muni_locator_map.svg",2837.4
"Toco","Cochabamba","Toco","output/locator_maps/muni-maps-final/Toco_muni_locator_map.svg",2837.4
"Tolata","Cochabamba","Tolata","output/locator_maps/muni-maps-final/Tolata_muni_locator_map.svg",2837.4
"Totora","Cochabamba","Totora","output/locator_maps/muni-maps-final/Totora_(Cochabamba)_muni_locator_map.svg",2837.4
"Vacas","Cochabamba","Vacas","output/locator_maps/muni-maps-final/Vacas_muni_locator_map.svg",2837.4
"Vila Vila","Cochabamba","Vila Vila","output/locator_maps/muni-maps-final/Vila_Vila_muni_locator_map.svg",2837.4
"Villa Gualberto Villarroel","Cochabamba","Cuchumuela","output/locator_maps/muni-maps-final/Cuchumuela_muni_locator_map.svg",2837.4
"Villa Rivero","Cochabamba","Villa Rivero","output/locator_maps/muni-maps-final/Villa_Rivero_muni_locator_map.svg",2837.4
"Villa Tunari","Cochabamba","Villa Tunari","output/locator_maps/muni-maps-final/Villa_Tunari_muni_locator_map.svg",2837.4
"Vinto","Cochabamba","Vinto","output/locator_maps/muni-maps-final/Vinto_muni_locator_map.svg",2837.4
"Achacachi","La Paz","Achacachi","output/locator_maps/muni-maps-final/Achacachi_muni_locator_map.svg",2837.4
"Achocalla","La Paz","Achocalla","output/locator_maps/muni-maps-final/Achocalla_muni_locator_map.svg",2837.4
"Alto Beni","La Paz","Alto Beni","output/locator_maps/muni-maps-final/Alto_Beni_muni_locator_map.svg",2837.4
"Apolo","La Paz","Apolo","output/locator_maps/muni-maps-final/Apolo_muni_locator_map.svg",2837.4
"Aucapata","La Paz","Aucapata","output/locator_maps/muni-maps-final/Aucapata_muni_locator_map.svg",2837.4
"Ayata","La Paz","Ayata","output/locator_maps/muni-maps-final/Ayata_muni_locator_map.svg",2837.4
"Ayo Ayo","La Paz","Ayo Ayo","output/locator_maps/muni-maps-final/Ayo_Ayo_muni_locator_map.svg",2837.4
"Batallas","La Paz","Batallas","output/locator_maps/muni-maps-final/Batallas_muni_locator_map.svg",2837.4
"Cairoma","La Paz","Cairoma","output/locator_maps/muni-maps-final/Cairoma_muni_locator_map.svg",2837.4
"Cajuata","La Paz","Cajuata","output/locator_maps/muni-maps-final/Cajuata_muni_locator_map.svg",2837.4
"Calacoto","La Paz","Calacoto","output/locator_maps/muni-maps-final/Calacoto_muni_locator_map.svg",2837.4
"Calamarca","La Paz","Calamarca","output/locator_maps/muni-maps-final/Calamarca_muni_locator_map.svg",2837.4
"Caquiaviri","La Paz","Caquiaviri","output/locator_maps/muni-maps-final/Caquiaviri_muni_locator_map.svg",2837.4
"Caranavi","La Paz","Caranavi","output/locator_maps/muni-maps-final/Caranavi_muni_locator_map.svg",2837.4
"Catacora","La Paz","Catacora","output/locator_maps/muni-maps-final/Catacora_muni_locator_map.svg",2837.4
"Chacarilla","La Paz","Chacarilla","output/locator_maps/muni-maps-final/Chacarilla_muni_locator_map.svg",2837.4
"Charazani","La Paz","Charazani","output/locator_maps/muni-maps-final/Charazani_muni_locator_map.svg",2837.4
"Charaña","La Paz","Charaña","output/locator_maps/muni-maps-final/Charana_muni_locator_map.svg",2837.4
"Chua Cocani","La Paz","Chua Cocani","output/locator_maps/muni-maps-final/Chua_Cocani_muni_locator_map.svg",2837.4
"Chulumani","La Paz","Chulumani","output/locator_maps/muni-maps-final/Chulumani_muni_locator_map.svg",2837.4
"Chuma","La Paz","Chuma","output/locator_maps/muni-maps-final/Chuma_muni_locator_map.svg",2837.4
"Collana","La Paz","Collana","output/locator_maps/muni-maps-final/Collana_muni_locator_map.svg",2837.4
"Colquencha","La Paz","Colquencha","output/locator_maps/muni-maps-final/Colquencha_muni_locator_map.svg",2837.4
"Colquiri","La Paz","Colquiri","output/locator_maps/muni-maps-final/Colquiri_muni_locator_map.svg",2837.4
"Comanche","La Paz","Comanche","output/locator_maps/muni-maps-final/Comanche_muni_locator_map.svg",2837.4
"Combaya","La Paz","Combaya","output/locator_maps/muni-maps-final/Combaya_muni_locator_map.svg",2837.4
"Copacabana","La Paz","Copacabana","output/locator_maps/muni-maps-final/Copacabana_muni_locator_map.svg",2837.4
"Coripata","La Paz","Coripata","output/locator_maps/muni-maps-final/Coripata_muni_locator_map.svg",2837.4
"Corocoro","La Paz","Coro Coro","output/locator_maps/muni-maps-final/Coro_Coro_muni_locator_map.svg",2837.4
"Coroico","La Paz","Coroico","output/locator_maps/muni-maps-final/Coroico_muni_locator_map.svg",2837.4
"Curva","La Paz","Curva","output/locator_maps/muni-maps-final/Curva_muni_locator_map.svg",2837.4
"Desaguadero","La Paz","Desaguadero","output/locator_maps/muni-maps-final/Desaguadero_muni_locator_map.svg",2837.4
"El Alto","La Paz","El Alto","output/locator_maps/muni-maps-final/El_Alto_muni_locator_map.svg",2837.4
"Escoma","La Paz","Escoma","output/locator_maps/muni-maps-final/Escoma_muni_locator_map.svg",2837.4
"Guanay","La Paz","Guanay","output/locator_maps/muni-maps-final/Guanay_muni_locator_map.svg",2837.4
"Huarina","La Paz","Huarina","output/locator_maps/muni-maps-final/Huarina_muni_locator_map.svg",2837.4
"Huatajata","La Paz","Huatajata","output/locator_maps/muni-maps-final/Huatajata_muni_locator_map.svg",2837.4
"Humanata","La Paz","Humanata","output/locator_maps/muni-maps-final/Humanata_muni_locator_map.svg",2837.4
"Ichoca","La Paz","Ichoca","output/locator_maps/muni-maps-final/Ichoca_muni_locator_map.svg",2837.4
"Inquisivi","La Paz","Inquisivi","output/locator_maps/muni-maps-final/Inquisivi_muni_locator_map.svg",2837.4
"Irupana","La Paz","Irupana","output/locator_maps/muni-maps-final/Irupana_muni_locator_map.svg",2837.4
"Ixiamas","La Paz","Ixiamas","output/locator_maps/muni-maps-final/Ixiamas_muni_locator_map.svg",2837.4
"Jesús de Machaka","La Paz","Jesús de Machaca","output/locator_maps/muni-maps-final/Jesus_de_Machaca_muni_locator_map.svg",2837.4
"La (Marka) San Andrés de Machaca","La Paz","San Andrés de Machaca","output/locator_maps/muni-maps-final/San_Andres_de_Machaca_muni_locator_map.svg",2837.4
"La Asunta","La Paz","La Asunta","output/locator_maps/muni-maps-final/La_Asunta_muni_locator_map.svg",2837.4
"Laja","La Paz","Laja","output/locator_maps/muni-maps-final/Laja_muni_locator_map.svg",2837.4
"Luribay","La Paz","Luribay","output/locator_maps/muni-maps-final/Luribay_muni_locator_map.svg",2837.4
"Malla","La Paz","Malla","output/locator_maps/muni-maps-final/Malla_muni_locator_map.svg",2837.4
"Mapiri","La Paz","Mapiri","output/locator_maps/muni-maps-final/Mapiri_muni_locator_map.svg",2837.4
"Mecapaca","La Paz","Mecapaca","output/locator_maps/muni-maps-final/Mecapaca_muni_locator_map.svg",2837.4
"Mocomoco","La Paz","Mocomoco","output/locator_maps/muni-maps-final/Mocomoco_muni_locator_map.svg",2837.4
"Nazacara de Pacajes","La Paz","Nazacara de Pacajes","output/locator_maps/muni-maps-final/Nazacara_de_Pacajes_muni_locator_map.svg",2837.4
"Nuestra Señora de La Paz","La Paz","La Paz","output/locator_maps/muni-maps-final/La_Paz_muni_locator_map.svg",2837.4
"Palca","La Paz","Palca","output/locator_maps/muni-maps-final/Palca_muni_locator_map.svg",2837.4
"Palos Blancos","La Paz","Palos Blancos","output/locator_maps/muni-maps-final/Palos_Blancos_muni_locator_map.svg",2837.4
"Papel Pampa","La Paz","Papel Pampa","output/locator_maps/muni-maps-final/Papel_Pampa_muni_locator_map.svg",2837.4
"Patacamaya","La Paz","Patacamaya","output/locator_maps/muni-maps-final/Patacamaya_muni_locator_map.svg",2837.4
"Pelechuco","La Paz","Pelechuco","output/locator_maps/muni-maps-final/Pelechuco_muni_locator_map.svg",2837.4
"Pucarani","La Paz","Pucarani","output/locator_maps/muni-maps-final/Pucarani_muni_locator_map.svg",2837.4
"Puerto Acosta","La Paz","Puerto Acosta","output/locator_maps/muni-maps-final/Puerto_Acosta_muni_locator_map.svg",2837.4
"Puerto Mayor de Carabuco","La Paz","Puerto Carabuco","output/locator_maps/muni-maps-final/Puerto_Carabuco_muni_locator_map.svg",2837.4
"Puerto Mayor de Guaqui","La Paz","Guaqui","output/locator_maps/muni-maps-final/Guaqui_muni_locator_map.svg",2837.4
"Puerto Pérez","La Paz","Puerto Pérez","output/locator_maps/muni-maps-final/Puerto_Perez_muni_locator_map.svg",2837.4
"Quiabaya","La Paz","Quiabaya","output/locator_maps/muni-maps-final/Quiabaya_muni_locator_map.svg",2837.4
"Quime","La Paz","Quime","output/locator_maps/muni-maps-final/Quime_muni_locator_map.svg",2837.4
"San Buenaventura","La Paz","San Buenaventura","output/locator_maps/muni-maps-final/San_Buenaventura_muni_locator_map.svg",2837.4
"San Pedro de Curahuara","La Paz","San Pedro de Curahuara","output/locator_maps/muni-maps-final/San_Pedro_de_Curahuara_muni_locator_map.svg",2837.4
"San Pedro de Tiquina","La Paz","San Pedro de Tiquina","output/locator_maps/muni-maps-final/San_Pedro_de_Tiquina_muni_locator_map.svg",2837.4
"Santiago de Callapa","La Paz","Callapa","output/locator_maps/muni-maps-final/Callapa_muni_locator_map.svg",2837.4
"Santiago de Huata","La Paz","Santiago de Huata","output/locator_maps/muni-maps-final/Santiago_de_Huata_muni_locator_map.svg",2837.4
"Santiago de Machaca","La Paz","Santiago de Machaca","output/locator_maps/muni-maps-final/Santiago_de_Machaca_muni_locator_map.svg",2837.4
"Sapahaqui","La Paz","Sapahaqui","output/locator_maps/muni-maps-final/Sapahaqui_muni_locator_map.svg",2837.4
"Sicasica","La Paz","Sica Sica","output/locator_maps/muni-maps-final/Sica_Sica_muni_locator_map.svg",2837.4
"Sorata","La Paz","Sorata","output/locator_maps/muni-maps-final/Sorata_muni_locator_map.svg",2837.4
"Tacacoma","La Paz","Tacacoma","output/locator_maps/muni-maps-final/Tacacoma_muni_locator_map.svg",2837.4
"Taraco","La Paz","Taraco","output/locator_maps/muni-maps-final/Taraco_muni_locator_map.svg",2837.4
"Teoponte","La Paz","Teoponte","output/locator_maps/muni-maps-final/Teoponte_muni_locator_map.svg",2837.4
"Tiahuanacu","La Paz","Tiahuanaco","output/locator_maps/muni-maps-final/Tiahuanaco_muni_locator_map.svg",2837.4
"Tipuani","La Paz","Tipuani","output/locator_maps/muni-maps-final/Tipuani_muni_locator_map.svg",2837.4
"Tito Yupanqui","La Paz","Tito Yupanqui","output/locator_maps/muni-maps-final/Tito_Yupanqui_muni_locator_map.svg",2837.4
"Umala","La Paz","Umala","output/locator_maps/muni-maps-final/Umala_muni_locator_map.svg",2837.4
"Viacha","La Paz","Viacha","output/locator_maps/muni-maps-final/Viacha_muni_locator_map.svg",2837.4
"Villa Ancoraimes","La Paz","Ancoraimes","output/locator_maps/muni-maps-final/Ancoraimes_muni_locator_map.svg",2837.4
"Villa Libertad Licoma","La Paz","Licoma Pampa","output/locator_maps/muni-maps-final/Licoma_Pampa_muni_locator_map.svg",2837.4
"Waldo Ballivian","La Paz","Waldo Ballivián","output/locator_maps/muni-maps-final/Waldo_Ballivian_muni_locator_map.svg",2837.4
"Yaco","La Paz","Yaco","output/locator_maps/muni-maps-final/Yaco_muni_locator_map.svg",2837.4
"Yanacachi","La Paz","Yanacachi","output/locator_maps/muni-maps-final/Yanacachi_muni_locator_map.svg",2837.4
"Andamarca","Oruro","Santiago de Andamarca","output/locator_maps/muni-maps-final/Santiago_de_Andamarca_muni_locator_map.svg",2837.4
"Antequera","Oruro","Antequera","output/locator_maps/muni-maps-final/Antequera_muni_locator_map.svg",2837.4
"Belén de Andamarca","Oruro","Belén de Andamarca","output/locator_maps/muni-maps-final/Belen_de_Andamarca_muni_locator_map.svg",2837.4
"Caracollo","Oruro","Caracollo","output/locator_maps/muni-maps-final/Caracollo_muni_locator_map.svg",2837.4
"Carangas","Oruro","Carangas","output/locator_maps/muni-maps-final/Carangas_muni_locator_map.svg",2837.4
"Challapata","Oruro","Challapata","output/locator_maps/muni-maps-final/Challapata_muni_locator_map.svg",2837.4
"Chipaya","Oruro","Chipaya","output/locator_maps/muni-maps-final/Chipaya_muni_locator_map.svg",2837.4
"Choquecota","Oruro","Choquecota","output/locator_maps/muni-maps-final/Choquecota_muni_locator_map.svg",2837.4
"Coipasa","Oruro","Coipasa","output/locator_maps/muni-maps-final/Coipasa_muni_locator_map.svg",2837.4
"Corque","Oruro","Corque","output/locator_maps/muni-maps-final/Corque_muni_locator_map.svg",2837.4
"Cruz de Machacamarca","Oruro","Cruz de Machacamarca","output/locator_maps/muni-maps-final/Cruz_de_Machacamarca_muni_locator_map.svg",2837.4
"Curahuara de Carangas","Oruro","Curahuara de Carangas","output/locator_maps/muni-maps-final/Curahuara_de_Carangas_muni_locator_map.svg",2837.4
"El Choro","Oruro","El Choro","output/locator_maps/muni-maps-final/El_Choro_muni_locator_map.svg",2837.4
"Escara","Oruro","Escara","output/locator_maps/muni-maps-final/Escara_muni_locator_map.svg",2837.4
"Esmeralda","Oruro","Esmeralda","output/locator_maps/muni-maps-final/Esmeralda_muni_locator_map.svg",2837.4
"Eucaliptus","Oruro","Eucaliptus","output/locator_maps/muni-maps-final/Eucaliptus_muni_locator_map.svg",2837.4
"Huachacalla","Oruro","Huachacalla","output/locator_maps/muni-maps-final/Huachacalla_muni_locator_map.svg",2837.4
"Huanuni","Oruro","Huanuni","output/locator_maps/muni-maps-final/Huanuni_muni_locator_map.svg",2837.4
"Huayllamarca","Oruro","Huayllamarca","output/locator_maps/muni-maps-final/Huayllamarca_muni_locator_map.svg",2837.4
"La Rivera","Oruro","La Rivera","output/locator_maps/muni-maps-final/La_Rivera_muni_locator_map.svg",2837.4
"Machacamarca","Oruro","Machacamarca","output/locator_maps/muni-maps-final/Machacamarca_muni_locator_map.svg",2837.4
"Oruro","Oruro","Oruro","output/locator_maps/muni-maps-final/Oruro_muni_locator_map.svg",2837.4
"Pampa Aullagas","Oruro","Pampa Aullagas","output/locator_maps/muni-maps-final/Pampa_Aullagas_muni_locator_map.svg",2837.4
"Paria","Oruro","Paria","output/locator_maps/muni-maps-final/Paria_muni_locator_map.svg",2837.4
"Pazña","Oruro","Pazña","output/locator_maps/muni-maps-final/Pazna_muni_locator_map.svg",2837.4
"Poopó","Oruro","Poopó","output/locator_maps/muni-maps-final/Poopo_muni_locator_map.svg",2837.4
"Sabaya","Oruro","Sabaya","output/locator_maps/muni-maps-final/Sabaya_muni_locator_map.svg",2837.4
"Salinas de Garcí Mendoza","Oruro","Salinas de Garci Mendoza","output/locator_maps/muni-maps-final/Salinas_de_Garci_Mendoza_muni_locator_map.svg",2837.4
"Santiago de Huari","Oruro","Santiago de Huari","output/locator_maps/muni-maps-final/Santiago_de_Huari_muni_locator_map.svg",2837.4
"Santuario de Quillacas","Oruro","Quillacas","output/locator_maps/muni-maps-final/Quillacas_muni_locator_map.svg",2837.4
"Todos Santos","Oruro","Todos Santos","output/locator_maps/muni-maps-final/Todos_Santos_muni_locator_map.svg",2837.4
"Toledo","Oruro","Toledo","output/locator_maps/muni-maps-final/Toledo_muni_locator_map.svg",2837.4
"Totora","Oruro","Totora","output/locator_maps/muni-maps-final/Totora_(Oruro)_muni_locator_map.svg",2837.4
"Turco","Oruro","Turco","output/locator_maps/muni-maps-final/Turco_muni_locator_map.svg",2837.4
"Yunguyo del Litoral","Oruro","Yunguyo de Litoral","output/locator_maps/muni-maps-final/Yunguyo_de_Litoral_muni_locator_map.svg",2837.4
"Bella Flor","Pando","Bella Flor","output/locator_maps/muni-maps-final/Bella_Flor_muni_locator_map.svg",2837.4
"Bolpebra","Pando","Bolpebra","output/locator_maps/muni-maps-final/Bolpebra_muni_locator_map.svg",2837.4
"Cobija","Pando","Cobija","output/locator_maps/muni-maps-final/Cobija_muni_locator_map.svg",2837.4
"Filadelfia","Pando","Filadelfia","output/locator_maps/muni-maps-final/Filadelfia_muni_locator_map.svg",2837.4
"Ingavi","Pando","Ingavi","output/locator_maps/muni-maps-final/Ingavi_muni_locator_map.svg",2837.4
"Nueva Esperanza","Pando","Nueva Esperanza","output/locator_maps/muni-maps-final/Nueva_Esperanza_muni_locator_map.svg",2837.4
"Porvenir","Pando","Porvenir","output/locator_maps/muni-maps-final/Porvenir_muni_locator_map.svg",2837.4
"Puerto Gonzalo Moreno","Pando","Puerto Gonzalo Moreno","output/locator_maps/muni-maps-final/Puerto_Gonzalo_Moreno_muni_locator_map.svg",2837.4
"Puerto Rico","Pando","Puerto Rico","output/locator_maps/muni-maps-final/Puerto_Rico_muni_locator_map.svg",2837.4
"San Lorenzo","Pando","San Lorenzo","output/locator_maps/muni-maps-final/San_Lorenzo_(Pando)_muni_locator_map.svg",2837.4
"San Pedro","Pando","San Pedro","output/locator_maps/muni-maps-final/San_Pedro_(Pando)_muni_locator_map.svg",2837.4
"Santa Rosa","Pando","Santa Rosa del Abuná","output/locator_maps/muni-maps-final/Santa_Rosa_del_Abuna_muni_locator_map.svg",2837.4
"Santos Mercado","Pando","Santos Mercado","output/locator_maps/muni-maps-final/Santos_Mercado_muni_locator_map.svg",2837.4
"Sena","Pando","Sena","output/locator_maps/muni-maps-final/Sena_muni_locator_map.svg",2837.4
"Villa Nueva","Pando","Villa Nueva","output/locator_maps/muni-maps-final/Villa_Nueva_muni_locator_map.svg",2837.4
"Acasio","Potosí","Acasio","output/locator_maps/muni-maps-final/Acasio_muni_locator_map.svg",2837.4
"Arampampa","Potosí","Arampampa","output/locator_maps/muni-maps-final/Arampampa_muni_locator_map.svg",2837.4
"Atocha","Potosí","Atocha","output/locator_maps/muni-maps-final/Atocha_muni_locator_map.svg",2837.4
"Betanzos","Potosí","Betanzos","output/locator_maps/muni-maps-final/Betanzos_muni_locator_map.svg",2837.4
"Caiza ""D""","Potosí","Caiza D","output/locator_maps/muni-maps-final/Caiza_D_muni_locator_map.svg",2837.4
"Caripuyo","Potosí","Caripuyo","output/locator_maps/muni-maps-final/Caripuyo_muni_locator_map.svg",2837.4
"Chaquí","Potosí","Chaquí","output/locator_maps/muni-maps-final/Chaqui_muni_locator_map.svg",2837.4
"Chayanta","Potosí","Chayanta","output/locator_maps/muni-maps-final/Chayanta_muni_locator_map.svg",2837.4
"Chuquihuta Ayllu Jucumani","Potosí","Chuquihuta","output/locator_maps/muni-maps-final/Chuquihuta_muni_locator_map.svg",2837.4
"Ckochas","Potosí","Ckochas","output/locator_maps/muni-maps-final/Ckochas_muni_locator_map.svg",2837.4
"Colcha ""K""","Potosí","Colcha K","output/locator_maps/muni-maps-final/Colcha_K_muni_locator_map.svg",2837.4
"Colquechaca","Potosí","Colquechaca","output/locator_maps/muni-maps-final/Colquechaca_muni_locator_map.svg",2837.4
"Cotagaita","Potosí","Cotagaita","output/locator_maps/muni-maps-final/Cotagaita_muni_locator_map.svg",2837.4
"Llallagua","Potosí","Llallagua","output/locator_maps/muni-maps-final/Llallagua_muni_locator_map.svg",2837.4
"Llica","Potosí","Llica","output/locator_maps/muni-maps-final/Llica_muni_locator_map.svg",2837.4
"Mojinete","Potosí","Mojinete","output/locator_maps/muni-maps-final/Mojinete_muni_locator_map.svg",2837.4
"Ocurí","Potosí","Ocurí","output/locator_maps/muni-maps-final/Ocuri_muni_locator_map.svg",2837.4
"Pocoata","Potosí","Pocoata","output/locator_maps/muni-maps-final/Pocoata_muni_locator_map.svg",2837.4
"Porco","Potosí","Porco","output/locator_maps/muni-maps-final/Porco_muni_locator_map.svg",2837.4
"Potosí","Potosí","Potosí","output/locator_maps/muni-maps-final/Potosi_muni_locator_map.svg",2837.4
"Puna","Potosí","Puna","output/locator_maps/muni-maps-final/Puna_muni_locator_map.svg",2837.4
"Ravelo","Potosí","Ravelo","output/locator_maps/muni-maps-final/Ravelo_muni_locator_map.svg",2837.4
"Sacaca","Potosí","Sacaca","output/locator_maps/muni-maps-final/Sacaca_muni_locator_map.svg",2837.4
"San Agustín","Potosí","San Agustín","output/locator_maps/muni-maps-final/San_Agustin_muni_locator_map.svg",2837.4
"San Antonio de Esmoruco","Potosí","San Antonio de Esmoruco","output/locator_maps/muni-maps-final/San_Antonio_de_Esmoruco_muni_locator_map.svg",2837.4
"San Pablo","Potosí","San Pablo de Lípez","output/locator_maps/muni-maps-final/San_Pablo_de_Lipez_muni_locator_map.svg",2837.4
"San Pedro","Potosí","San Pedro de Buena Vista","output/locator_maps/muni-maps-final/San_Pedro_de_Buena_Vista_muni_locator_map.svg",2837.4
"San Pedro de Quemes","Potosí","San Pedro de Quemes","output/locator_maps/muni-maps-final/San_Pedro_de_Quemes_muni_locator_map.svg",2837.4
"Tacobamba","Potosí","Tacobamba","output/locator_maps/muni-maps-final/Tacobamba_muni_locator_map.svg",2837.4
"Tahua","Potosí","Tahua","output/locator_maps/muni-maps-final/Tahua_muni_locator_map.svg",2837.4
"Tinguipaya","Potosí","Tinguipaya","output/locator_maps/muni-maps-final/Tinguipaya_muni_locator_map.svg",2837.4
"Tomave","Potosí","Tomave","output/locator_maps/muni-maps-final/Tomave_muni_locator_map.svg",2837.4
"Toro Toro","Potosí","Toro Toro","output/locator_maps/muni-maps-final/Toro_Toro_muni_locator_map.svg",2837.4
"Tupiza","Potosí","Tupiza","output/locator_maps/muni-maps-final/Tupiza_muni_locator_map.svg",2837.4
"Uncía","Potosí","Uncía","output/locator_maps/muni-maps-final/Uncia_muni_locator_map.svg",2837.4
"Urmiri","Potosí","Urmiri","output/locator_maps/muni-maps-final/Urmiri_muni_locator_map.svg",2837.4
"Uyuni","Potosí","Uyuni","output/locator_maps/muni-maps-final/Uyuni_muni_locator_map.svg",2837.4
"Villazón","Potosí","Villazón","output/locator_maps/muni-maps-final/Villazon_muni_locator_map.svg",2837.4
"Vitiche","Potosí","Vitichi","output/locator_maps/muni-maps-final/Vitichi_muni_locator_map.svg",2837.4
"Yocalla","Potosí","Yocalla","output/locator_maps/muni-maps-final/Yocalla_muni_locator_map.svg",2837.4
"Ascención de Guarayos","Santa Cruz","Ascensión de Guarayos","output/locator_maps/muni-maps-final/Ascension_de_Guarayos_muni_locator_map.svg",2837.4
"Boyuibe","Santa Cruz","Boyuibe","output/locator_maps/muni-maps-final/Boyuibe_muni_locator_map.svg",2837.4
"Buena Vista","Santa Cruz","Buena Vista","output/locator_maps/muni-maps-final/Buena_Vista_muni_locator_map.svg",2837.4
"Cabezas","Santa Cruz","Cabezas","output/locator_maps/muni-maps-final/Cabezas_muni_locator_map.svg",2837.4
"Camiri","Santa Cruz","Camiri","output/locator_maps/muni-maps-final/Camiri_muni_locator_map.svg",2837.4
"Charagua","Santa Cruz","Charagua","output/locator_maps/muni-maps-final/Charagua_muni_locator_map.svg",2837.4
"Colpa Bélgica","Santa Cruz","Colpa Bélgica","output/locator_maps/muni-maps-final/Colpa_Belgica_muni_locator_map.svg",2837.4
"Comarapa","Santa Cruz","Comarapa","output/locator_maps/muni-maps-final/Comarapa_muni_locator_map.svg",2837.4
"Concepción","Santa Cruz","Concepción","output/locator_maps/muni-maps-final/Concepcion_muni_locator_map.svg",2837.4
"Cotoca","Santa Cruz","Cotoca","output/locator_maps/muni-maps-final/Cotoca_muni_locator_map.svg",2837.4
"Cuatro Cañadas","Santa Cruz","Cuatro Cañadas","output/locator_maps/muni-maps-final/Cuatro_Canadas_muni_locator_map.svg",2837.4
"Cuevo","Santa Cruz","Cuevo","output/locator_maps/muni-maps-final/Cuevo_muni_locator_map.svg",2837.4
"El Carmen Rivero Tórrez","Santa Cruz","El Carmen Rivero Tórrez","output/locator_maps/muni-maps-final/El_Carmen_Rivero_Torrez_muni_locator_map.svg",2837.4
"El Puente","Santa Cruz","El Puente","output/locator_maps/muni-maps-final/El_Puente_(Santa_Cruz)_muni_locator_map.svg",2837.4
"El Torno","Santa Cruz","El Torno","output/locator_maps/muni-maps-final/El_Torno_muni_locator_map.svg",2837.4
"Fernández Alonso","Santa Cruz","Fernández Alonso","output/locator_maps/muni-maps-final/Fernandez_Alonso_muni_locator_map.svg",2837.4
"General Saavedra","Santa Cruz","General Saavedra","output/locator_maps/muni-maps-final/General_Saavedra_muni_locator_map.svg",2837.4
"Gutiérrez","Santa Cruz","Gutiérrez","output/locator_maps/muni-maps-final/Gutierrez_muni_locator_map.svg",2837.4
"La Guardia","Santa Cruz","La Guardia","output/locator_maps/muni-maps-final/La_Guardia_muni_locator_map.svg",2837.4
"Lagunillas","Santa Cruz","Lagunillas","output/locator_maps/muni-maps-final/Lagunillas_muni_locator_map.svg",2837.4
"Mairana","Santa Cruz","Mairana","output/locator_maps/muni-maps-final/Mairana_muni_locator_map.svg",2837.4
"Mineros","Santa Cruz","Mineros","output/locator_maps/muni-maps-final/Mineros_muni_locator_map.svg",2837.4
"Montero","Santa Cruz","Montero","output/locator_maps/muni-maps-final/Montero_muni_locator_map.svg",2837.4
"Moromoro","Santa Cruz","Moro Moro","output/locator_maps/muni-maps-final/Moro_Moro_muni_locator_map.svg",2837.4
"Okinawa Uno","Santa Cruz","Okinawa Uno","output/locator_maps/muni-maps-final/Okinawa_Uno_muni_locator_map.svg",2837.4
"Pailón","Santa Cruz","Pailón","output/locator_maps/muni-maps-final/Pailon_muni_locator_map.svg",2837.4
"Pampa Grande","Santa Cruz","Pampagrande","output/locator_maps/muni-maps-final/Pampagrande_muni_locator_map.svg",2837.4
"Porongo","Santa Cruz","Porongo","output/locator_maps/muni-maps-final/Porongo_muni_locator_map.svg",2837.4
"Portachuelo","Santa Cruz","Portachuelo","output/locator_maps/muni-maps-final/Portachuelo_muni_locator_map.svg",2837.4
"Postrervalle","Santa Cruz","Postrervalle","output/locator_maps/muni-maps-final/Postrervalle_muni_locator_map.svg",2837.4
"Pucará","Santa Cruz","Pucará","output/locator_maps/muni-maps-final/Pucara_muni_locator_map.svg",2837.4
"Puerto Quijarro","Santa Cruz","Puerto Quijarro","output/locator_maps/muni-maps-final/Puerto_Quijarro_muni_locator_map.svg",2837.4
"Puerto Suarez","Santa Cruz","Puerto Suárez","output/locator_maps/muni-maps-final/Puerto_Suarez_muni_locator_map.svg",2837.4
"Quirusillas","Santa Cruz","Quirusillas","output/locator_maps/muni-maps-final/Quirusillas_muni_locator_map.svg",2837.4
"Roboré","Santa Cruz","Roboré","output/locator_maps/muni-maps-final/Robore_muni_locator_map.svg",2837.4
"Saipina","Santa Cruz","Saipina","output/locator_maps/muni-maps-final/Saipina_muni_locator_map.svg",2837.4
"Samaipata","Santa Cruz","Samaipata","output/locator_maps/muni-maps-final/Samaipata_muni_locator_map.svg",2837.4
"San Antonio de Lomerio","Santa Cruz","San Antonio de Lomerío","output/locator_maps/muni-maps-final/San_Antonio_de_Lomerio_muni_locator_map.svg",2837.4
"San Carlos","Santa Cruz","San Carlos","output/locator_maps/muni-maps-final/San_Carlos_muni_locator_map.svg",2837.4
"San Ignacio","Santa Cruz","San Ignacio de Velasco","output/locator_maps/muni-maps-final/San_Ignacio_de_Velasco_muni_locator_map.svg",2837.4
"San Javier","Santa Cruz","San Javier","output/locator_maps/muni-maps-final/San_Javier_(Santa_Cruz)_muni_locator_map.svg",2837.4
"San José","Santa Cruz","San José de Chiquitos","output/locator_maps/muni-maps-final/San_Jose_de_Chiquitos_muni_locator_map.svg",2837.4
"San Juan","Santa Cruz","San Juan de Yapacaní","output/locator_maps/muni-maps-final/San_Juan_de_Yapacani_muni_locator_map.svg",2837.4
"San Julián","Santa Cruz","San Julián","output/locator_maps/muni-maps-final/San_Julian_muni_locator_map.svg",2837.4
"San Matías","Santa Cruz","San Matías","output/locator_maps/muni-maps-final/San_Matias_muni_locator_map.svg",2837.4
"San Miguel","Santa Cruz","San Miguel de Velasco","output/locator_maps/muni-maps-final/San_Miguel_de_Velasco_muni_locator_map.svg",2837.4
"San Pedro","Santa Cruz","San Pedro","output/locator_maps/muni-maps-final/San_Pedro_(Santa_Cruz)_muni_locator_map.svg",2837.4
"San Rafael","Santa Cruz","San Rafael de Velasco","output/locator_maps/muni-maps-final/San_Rafael_de_Velasco_muni_locator_map.svg",2837.4
"San Ramón","Santa Cruz","San Ramón","output/locator_maps/muni-maps-final/San_Ramon_(Santa_Cruz)_muni_locator_map.svg",2837.4
"Santa Cruz de la Sierra","Santa Cruz","Santa Cruz de la Sierra","output/locator_maps/muni-maps-final/Santa_Cruz_de_la_Sierra_muni_locator_map.svg",2837.4
"Santa Rosa","Santa Cruz","Santa Rosa del Sara","output/locator_maps/muni-maps-final/Santa_Rosa_del_Sara_muni_locator_map.svg",2837.4
"Trigal","Santa Cruz","El Trigal","output/locator_maps/muni-maps-final/El_Trigal_muni_locator_map.svg",2837.4
"Urubicha","Santa Cruz","Urubichá","output/locator_maps/muni-maps-final/Urubicha_muni_locator_map.svg",2837.4
"Vallegrande","Santa Cruz","Vallegrande","output/locator_maps/muni-maps-final/Vallegrande_muni_locator_map.svg",2837.4
"Warnes","Santa Cruz","Warnes","output/locator_maps/muni-maps-final/Warnes_muni_locator_map.svg",2837.4
"Yapacaní","Santa Cruz","Villa Yapacaní","output/locator_maps/muni-maps-final/Villa_Yapacani_muni_locator_map.svg",2837.4
"Bermejo","Tarija","Bermejo","output/locator_maps/muni-maps-final/Bermejo_muni_locator_map.svg",2837.4
"Caraparí","Tarija","Caraparí","output/locator_maps/muni-maps-final/Carapari_muni_locator_map.svg",2837.4
"El Puente","Tarija","El Puente","output/locator_maps/muni-maps-final/El_Puente_(Tarija)_muni_locator_map.svg",2837.4
"Entre Ríos","Tarija","Entre Ríos","output/locator_maps/muni-maps-final/Entre_Rios_(Tarija)_muni_locator_map.svg",2837.4
"Padcaya","Tarija","Padcaya","output/locator_maps/muni-maps-final/Padcaya_muni_locator_map.svg",2837.4
"San Lorenzo","Tarija","San Lorenzo","output/locator_maps/muni-maps-final/San_Lorenzo_(Tarija)_muni_locator_map.svg",2837.4
"Tarija","Tarija","Tarija","output/locator_maps/muni-maps-final/Tarija_muni_locator_map.svg",2837.4
"Uriondo","Tarija","Uriondo","output/locator_maps/muni-maps-final/Uriondo_muni_locator_map.svg",2837.4
"Villa Montes","Tarija","Villa Montes","output/locator_maps/muni-maps-final/Villa_Montes_muni_locator_map.svg",2837.4
"Yacuiba","Tarija","Yacuiba","output/locator_maps/muni-maps-final/Yacuiba_muni_locator_map.svg",2837.4
"Yunchará","Tarija","Yunchará","output/locator_maps/muni-maps-final/Yunchara_muni_locator_map.svg",2837.4
