"municipality","department","muni_anexo","file","size_kb","id_muni","qid","muni_gadm","commons_filename","commons_url","mid","upload_date","status"
"Villa Alcalá","Chuquisaca","Villa Alcalá","output/locator_maps/muni-maps-final/Villa_Alcala_muni_locator_map.svg",2837.4,"010404","Q955703","Alcalá","Villa Alcalá muni locator map.svg","https://commons.wikimedia.org/wiki/File:Villa_Alcalá_muni_locator_map.svg",NA,NA,"already_exists"
"Azurduy","Chuquisaca","Azurduy","output/locator_maps/muni-maps-final/Azurduy_muni_locator_map.svg",2837.4,"010201","Q1585034","Azurduy","Azurduy muni locator map.svg","https://commons.wikimedia.org/wiki/File:Azurduy_muni_locator_map.svg","M192028869","2026-05-15","uploaded"
"Camargo","Chuquisaca","Camargo","output/locator_maps/muni-maps-final/Camargo_muni_locator_map.svg",2837.4,"010701","Q1141966","Camargo","Camargo muni locator map.svg","https://commons.wikimedia.org/wiki/File:Camargo_muni_locator_map.svg","M192028879","2026-05-15","uploaded"
"Culpina","Chuquisaca","Culpina","output/locator_maps/muni-maps-final/Culpina_muni_locator_map.svg",2837.4,"010902","Q586565","Culpina","Culpina muni locator map.svg","https://commons.wikimedia.org/wiki/File:Culpina_muni_locator_map.svg","M192028889","2026-05-15","uploaded"
"El Villar","Chuquisaca","El Villar","output/locator_maps/muni-maps-final/El_Villar_muni_locator_map.svg",2837.4,"010405","Q1142208","El Villar","El Villar muni locator map.svg","https://commons.wikimedia.org/wiki/File:El_Villar_muni_locator_map.svg","M192028908","2026-05-15","uploaded"
"Huacareta","Chuquisaca","Huacareta","output/locator_maps/muni-maps-final/Huacareta_muni_locator_map.svg",2837.4,"010502","Q1142195","Huacareta","Huacareta muni locator map.svg","https://commons.wikimedia.org/wiki/File:Huacareta_muni_locator_map.svg","M192028925","2026-05-15","uploaded"
"Huacaya","Chuquisaca","Huacaya","output/locator_maps/muni-maps-final/Huacaya_muni_locator_map.svg",2837.4,"011002","Q1141996","Huacaya","Huacaya muni locator map.svg","https://commons.wikimedia.org/wiki/File:Huacaya_muni_locator_map.svg","M192028954","2026-05-15","uploaded"
"Incahuasi","Chuquisaca","Incahuasi","output/locator_maps/muni-maps-final/Incahuasi_muni_locator_map.svg",2837.4,"010703","Q1142260","Incahuasi","Incahuasi muni locator map.svg","https://commons.wikimedia.org/wiki/File:Incahuasi_muni_locator_map.svg","M192028970","2026-05-15","uploaded"
"Las Carreras","Chuquisaca","Las Carreras","output/locator_maps/muni-maps-final/Las_Carreras_muni_locator_map.svg",2837.4,"010903","Q1142273","Las Carreras","Las Carreras muni locator map.svg","https://commons.wikimedia.org/wiki/File:Las_Carreras_muni_locator_map.svg","M192028979","2026-05-15","uploaded"
"Macharetí","Chuquisaca","Macharetí","output/locator_maps/muni-maps-final/Machareti_muni_locator_map.svg",2837.4,"011003","Q1142267","Macharetí","Macharetí muni locator map.svg","https://commons.wikimedia.org/wiki/File:Macharetí_muni_locator_map.svg","M192028991","2026-05-15","uploaded"
"Villa Mojocoya","Chuquisaca","Villa Mojocoya","output/locator_maps/muni-maps-final/Villa_Mojocoya_muni_locator_map.svg",2837.4,"010303","Q1142257","Mojocoya","Villa Mojocoya muni locator map.svg","https://commons.wikimedia.org/wiki/File:Villa_Mojocoya_muni_locator_map.svg","M192028996","2026-05-15","uploaded"
"Monteagudo","Chuquisaca","Monteagudo","output/locator_maps/muni-maps-final/Monteagudo_muni_locator_map.svg",2837.4,"010501","Q914026","Monteagudo","Monteagudo muni locator map.svg","https://commons.wikimedia.org/wiki/File:Monteagudo_muni_locator_map.svg","M192029005","2026-05-15","uploaded"
"Padilla","Chuquisaca","Padilla","output/locator_maps/muni-maps-final/Padilla_muni_locator_map.svg",2837.4,"010401","Q1142006","Padilla","Padilla muni locator map.svg","https://commons.wikimedia.org/wiki/File:Padilla_muni_locator_map.svg","M192029011","2026-05-15","uploaded"
"Poroma","Chuquisaca","Poroma","output/locator_maps/muni-maps-final/Poroma_muni_locator_map.svg",2837.4,"010103","Q182203","Poroma","Poroma muni locator map.svg","https://commons.wikimedia.org/wiki/File:Poroma_muni_locator_map.svg","M192029020","2026-05-15","uploaded"
"Presto","Chuquisaca","Presto","output/locator_maps/muni-maps-final/Presto_muni_locator_map.svg",2837.4,"010302","Q1585103","Presto","Presto muni locator map.svg","https://commons.wikimedia.org/wiki/File:Presto_muni_locator_map.svg","M192029028","2026-05-15","uploaded"
"San Lucas","Chuquisaca","San Lucas","output/locator_maps/muni-maps-final/San_Lucas_muni_locator_map.svg",2837.4,"010702","Q783480","San Lucas","San Lucas muni locator map.svg","https://commons.wikimedia.org/wiki/File:San_Lucas_muni_locator_map.svg","M192029033","2026-05-15","uploaded"
"Sopachuy","Chuquisaca","Sopachuy","output/locator_maps/muni-maps-final/Sopachuy_muni_locator_map.svg",2837.4,"010403","Q1142253","Sopachui","Sopachuy muni locator map.svg","https://commons.wikimedia.org/wiki/File:Sopachuy_muni_locator_map.svg","M192029038","2026-05-15","uploaded"
"Sucre","Chuquisaca","Sucre","output/locator_maps/muni-maps-final/Sucre_muni_locator_map.svg",2837.4,"010101","Q1304750","Sucre","Sucre muni locator map.svg","https://commons.wikimedia.org/wiki/File:Sucre_muni_locator_map.svg","M192029042","2026-05-15","uploaded"
"Tarabuco","Chuquisaca","Tarabuco","output/locator_maps/muni-maps-final/Tarabuco_muni_locator_map.svg",2837.4,"010601","Q1860776","Tarabuco","Tarabuco muni locator map.svg","https://commons.wikimedia.org/wiki/File:Tarabuco_muni_locator_map.svg","M192029051","2026-05-15","uploaded"
"Tarvita","Chuquisaca","Tarvita","output/locator_maps/muni-maps-final/Tarvita_muni_locator_map.svg",2837.4,"010202","Q1142233","Tarvita","Tarvita muni locator map.svg","https://commons.wikimedia.org/wiki/File:Tarvita_muni_locator_map.svg","M192029058","2026-05-15","uploaded"
"Tomina","Chuquisaca","Tomina","output/locator_maps/muni-maps-final/Tomina_muni_locator_map.svg",2837.4,"010402","Q633697","Tomina","Tomina muni locator map.svg","https://commons.wikimedia.org/wiki/File:Tomina_muni_locator_map.svg","M192029063","2026-05-15","uploaded"
"Villa Abecia","Chuquisaca","Villa Abecia","output/locator_maps/muni-maps-final/Villa_Abecia_muni_locator_map.svg",2837.4,"010901","Q1142199","Villa Abecia","Villa Abecia muni locator map.svg","https://commons.wikimedia.org/wiki/File:Villa_Abecia_muni_locator_map.svg","M192029077","2026-05-15","uploaded"
"Villa Charcas","Chuquisaca","Villa Charcas","output/locator_maps/muni-maps-final/Villa_Charcas_muni_locator_map.svg",2837.4,"010704","Q1146801","Villa Charcas","Villa Charcas muni locator map.svg","https://commons.wikimedia.org/wiki/File:Villa_Charcas_muni_locator_map.svg","M192029090","2026-05-15","uploaded"
"Icla","Chuquisaca","Icla","output/locator_maps/muni-maps-final/Icla_muni_locator_map.svg",2837.4,"010304","Q1142203","Villa Ricardo Mugia - Icla","Icla muni locator map.svg","https://commons.wikimedia.org/wiki/File:Icla_muni_locator_map.svg","M192029100","2026-05-15","uploaded"
"Villa Serrano","Chuquisaca","Villa Serrano","output/locator_maps/muni-maps-final/Villa_Serrano_muni_locator_map.svg",2837.4,"010801","Q1953257","Villa Serrano","Villa Serrano muni locator map.svg","https://commons.wikimedia.org/wiki/File:Villa_Serrano_muni_locator_map.svg","M192029107","2026-05-15","uploaded"
"Villa Vaca Guzmán","Chuquisaca","Villa Vaca Guzmán","output/locator_maps/muni-maps-final/Villa_Vaca_Guzman_muni_locator_map.svg",2837.4,"011001","Q121543","Villa Vaca Guzmán","Villa Vaca Guzmán muni locator map.svg","https://commons.wikimedia.org/wiki/File:Villa_Vaca_Guzmán_muni_locator_map.svg","M192029118","2026-05-15","uploaded"
"Yamparáez","Chuquisaca","Yamparáez","output/locator_maps/muni-maps-final/Yamparaez_muni_locator_map.svg",2837.4,"010602","Q920327","Yamparáez","Yamparáez muni locator map.svg","https://commons.wikimedia.org/wiki/File:Yamparáez_muni_locator_map.svg","M192029129","2026-05-15","uploaded"
"Yotala","Chuquisaca","Yotala","output/locator_maps/muni-maps-final/Yotala_muni_locator_map.svg",2837.4,"010102","Q1142025","Yotala","Yotala muni locator map.svg","https://commons.wikimedia.org/wiki/File:Yotala_muni_locator_map.svg","M192029134","2026-05-15","uploaded"
"Villa Zudáñez","Chuquisaca","Villa Zudáñez","output/locator_maps/muni-maps-final/Villa_Zudanez_muni_locator_map.svg",2837.4,"010301","Q1142243","Zudañez","Villa Zudáñez muni locator map.svg","https://commons.wikimedia.org/wiki/File:Villa_Zudáñez_muni_locator_map.svg","M192029144","2026-05-15","uploaded"
"Aiquile","Cochabamba","Aiquile","output/locator_maps/muni-maps-final/Aiquile_muni_locator_map.svg",2837.4,"030201","Q1521142","Aiquile","Aiquile muni locator map.svg","https://commons.wikimedia.org/wiki/File:Aiquile_muni_locator_map.svg","M192029149","2026-05-15","uploaded"
"Alalay","Cochabamba","Alalay","output/locator_maps/muni-maps-final/Alalay_muni_locator_map.svg",2837.4,"031303","Q1521154","Alalay","Alalay muni locator map.svg","https://commons.wikimedia.org/wiki/File:Alalay_muni_locator_map.svg","M192029159","2026-05-15","uploaded"
"Anzaldo","Cochabamba","Anzaldo","output/locator_maps/muni-maps-final/Anzaldo_muni_locator_map.svg",2837.4,"030402","Q1516966","Anzaldo","Anzaldo muni locator map.svg","https://commons.wikimedia.org/wiki/File:Anzaldo_muni_locator_map.svg","M192029172","2026-05-15","uploaded"
"Arani","Cochabamba","Arani","output/locator_maps/muni-maps-final/Arani_muni_locator_map.svg",2837.4,"030501","Q1816566","Arani","Arani muni locator map.svg","https://commons.wikimedia.org/wiki/File:Arani_muni_locator_map.svg","M192029180","2026-05-15","uploaded"
"Arbieto","Cochabamba","Arbieto","output/locator_maps/muni-maps-final/Arbieto_muni_locator_map.svg",2837.4,"030403","Q1516960","Arbieto","Arbieto muni locator map.svg","https://commons.wikimedia.org/wiki/File:Arbieto_muni_locator_map.svg","M192029183","2026-05-15","uploaded"
"Arque","Cochabamba","Arque","output/locator_maps/muni-maps-final/Arque_muni_locator_map.svg",2837.4,"030601","Q1521216","Arque","Arque muni locator map.svg","https://commons.wikimedia.org/wiki/File:Arque_muni_locator_map.svg","M192029212","2026-05-15","uploaded"
"Independencia","Cochabamba","Independencia","output/locator_maps/muni-maps-final/Independencia_muni_locator_map.svg",2837.4,"030301","Q1485787","Ayopaya","Independencia muni locator map.svg","https://commons.wikimedia.org/wiki/File:Independencia_muni_locator_map.svg","M192029222","2026-05-15","uploaded"
"Bolívar","Cochabamba","Bolívar","output/locator_maps/muni-maps-final/Bolivar_muni_locator_map.svg",2837.4,"031501","Q1952875","Bolivar","Bolívar muni locator map.svg","https://commons.wikimedia.org/wiki/File:Bolívar_muni_locator_map.svg","M192029236","2026-05-15","uploaded"
"Capinota","Cochabamba","Capinota","output/locator_maps/muni-maps-final/Capinota_muni_locator_map.svg",2837.4,"030701","Q1730823","Capinota","Capinota muni locator map.svg","https://commons.wikimedia.org/wiki/File:Capinota_muni_locator_map.svg","M192029250","2026-05-15","uploaded"
"Chimoré","Cochabamba","Chimoré","output/locator_maps/muni-maps-final/Chimore_muni_locator_map.svg",2837.4,"031204","Q1521093","Chimoré","Chimoré muni locator map.svg","https://commons.wikimedia.org/wiki/File:Chimoré_muni_locator_map.svg","M192029266","2026-05-15","uploaded"
"Cliza","Cochabamba","Cliza","output/locator_maps/muni-maps-final/Cliza_muni_locator_map.svg",2837.4,"030801","Q1295948","Cliza","Cliza muni locator map.svg","https://commons.wikimedia.org/wiki/File:Cliza_muni_locator_map.svg","M192029282","2026-05-15","uploaded"
"Cocapata","Cochabamba","Cocapata","output/locator_maps/muni-maps-final/Cocapata_muni_locator_map.svg",2837.4,"030303","Q1147245","Cocapata","Cocapata muni locator map.svg","https://commons.wikimedia.org/wiki/File:Cocapata_muni_locator_map.svg","M192029291","2026-05-15","uploaded"
"Cochabamba","Cochabamba","Cochabamba","output/locator_maps/muni-maps-final/Cochabamba_muni_locator_map.svg",2837.4,"030101","Q1952931","Cochabamba","Cochabamba muni locator map.svg","https://commons.wikimedia.org/wiki/File:Cochabamba_muni_locator_map.svg","M192029297","2026-05-15","uploaded"
"Colcapirhua","Cochabamba","Colcapirhua","output/locator_maps/muni-maps-final/Colcapirhua_muni_locator_map.svg",2837.4,"030905","Q1521197","Colcapirhua","Colcapirhua muni locator map.svg","https://commons.wikimedia.org/wiki/File:Colcapirhua_muni_locator_map.svg","M192029312","2026-05-15","uploaded"
"Colomi","Cochabamba","Colomi","output/locator_maps/muni-maps-final/Colomi_muni_locator_map.svg",2837.4,"031002","Q1521204","Colomi","Colomi muni locator map.svg","https://commons.wikimedia.org/wiki/File:Colomi_muni_locator_map.svg","M192029327","2026-05-15","uploaded"
"Entre Ríos","Cochabamba","Entre Ríos","output/locator_maps/muni-maps-final/Entre_Rios_(Cochabamba)_muni_locator_map.svg",2837.4,"031206","Q636059","Entre Ríos","Entre Ríos (Cochabamba) muni locator map.svg","https://commons.wikimedia.org/wiki/File:Entre_Ríos_(Cochabamba)_muni_locator_map.svg","M192029342","2026-05-15","uploaded"
"Mizque","Cochabamba","Mizque","output/locator_maps/muni-maps-final/Mizque_muni_locator_map.svg",2837.4,"031301","Q1521176","Mizque","Mizque muni locator map.svg","https://commons.wikimedia.org/wiki/File:Mizque_muni_locator_map.svg","M192029355","2026-05-15","uploaded"
"Morochata","Cochabamba","Morochata","output/locator_maps/muni-maps-final/Morochata_muni_locator_map.svg",2837.4,"030302","Q1535941","Morochata","Morochata muni locator map.svg","https://commons.wikimedia.org/wiki/File:Morochata_muni_locator_map.svg","M192029363","2026-05-15","uploaded"
"Omereque","Cochabamba","Omereque","output/locator_maps/muni-maps-final/Omereque_muni_locator_map.svg",2837.4,"030203","Q1521168","Omereque","Omereque muni locator map.svg","https://commons.wikimedia.org/wiki/File:Omereque_muni_locator_map.svg","M192029381","2026-05-15","uploaded"
"Pasorapa","Cochabamba","Pasorapa","output/locator_maps/muni-maps-final/Pasorapa_muni_locator_map.svg",2837.4,"030202","Q1497559","Pasorapa","Pasorapa muni locator map.svg","https://commons.wikimedia.org/wiki/File:Pasorapa_muni_locator_map.svg","M192029394","2026-05-15","uploaded"
"Pocona","Cochabamba","Pocona","output/locator_maps/muni-maps-final/Pocona_muni_locator_map.svg",2837.4,"031203","Q1521138","Pocona","Pocona muni locator map.svg","https://commons.wikimedia.org/wiki/File:Pocona_muni_locator_map.svg","M192029408","2026-05-15","uploaded"
"Pojo","Cochabamba","Pojo","output/locator_maps/muni-maps-final/Pojo_muni_locator_map.svg",2837.4,"031202","Q1516972","Pojo","Pojo muni locator map.svg","https://commons.wikimedia.org/wiki/File:Pojo_muni_locator_map.svg","M192029425","2026-05-15","uploaded"
"Puerto Villarroel","Cochabamba","Puerto Villarroel","output/locator_maps/muni-maps-final/Puerto_Villarroel_muni_locator_map.svg",2837.4,"031205","Q1521128","Puerto Villarroel","Puerto Villarroel muni locator map.svg","https://commons.wikimedia.org/wiki/File:Puerto_Villarroel_muni_locator_map.svg","M192029445","2026-05-15","uploaded"
"Punata","Cochabamba","Punata","output/locator_maps/muni-maps-final/Punata_muni_locator_map.svg",2837.4,"031401","Q1521120","Punata","Punata muni locator map.svg","https://commons.wikimedia.org/wiki/File:Punata_muni_locator_map.svg","M192029473","2026-05-15","uploaded"
"Quillacollo","Cochabamba","Quillacollo","output/locator_maps/muni-maps-final/Quillacollo_muni_locator_map.svg",2837.4,"030901","Q1553258","Quillacollo","Quillacollo muni locator map.svg","https://commons.wikimedia.org/wiki/File:Quillacollo_muni_locator_map.svg","M192029499","2026-05-15","uploaded"
"Sacaba","Cochabamba","Sacaba","output/locator_maps/muni-maps-final/Sacaba_muni_locator_map.svg",2837.4,"031001","Q1521148","Sacaba","Sacaba muni locator map.svg","https://commons.wikimedia.org/wiki/File:Sacaba_muni_locator_map.svg","M192029520","2026-05-15","uploaded"
"Sacabamba","Cochabamba","Sacabamba","output/locator_maps/muni-maps-final/Sacabamba_muni_locator_map.svg",2837.4,"030404","Q547615","Sacabamba","Sacabamba muni locator map.svg","https://commons.wikimedia.org/wiki/File:Sacabamba_muni_locator_map.svg","M192029540","2026-05-15","uploaded"
"San Benito","Cochabamba","San Benito","output/locator_maps/muni-maps-final/San_Benito_muni_locator_map.svg",2837.4,"031403","Q1521209","San Benito","San Benito muni locator map.svg","https://commons.wikimedia.org/wiki/File:San_Benito_muni_locator_map.svg","M192029559","2026-05-15","uploaded"
"Santiváñez","Cochabamba","Santiváñez","output/locator_maps/muni-maps-final/Santivanez_muni_locator_map.svg",2837.4,"030702","Q939128","Santivañez","Santiváñez muni locator map.svg","https://commons.wikimedia.org/wiki/File:Santiváñez_muni_locator_map.svg","M192029582","2026-05-15","uploaded"
"Shinahota","Cochabamba","Shinahota","output/locator_maps/muni-maps-final/Shinahota_muni_locator_map.svg",2837.4,"031602","Q1585069","Shinahota","Shinahota muni locator map.svg","https://commons.wikimedia.org/wiki/File:Shinahota_muni_locator_map.svg","M192029598","2026-05-15","uploaded"
"Sicaya","Cochabamba","Sicaya","output/locator_maps/muni-maps-final/Sicaya_muni_locator_map.svg",2837.4,"030703","Q1521111","Sicaya","Sicaya muni locator map.svg","https://commons.wikimedia.org/wiki/File:Sicaya_muni_locator_map.svg","M192029614","2026-05-15","uploaded"
"Sipe Sipe","Cochabamba","Sipe Sipe","output/locator_maps/muni-maps-final/Sipe_Sipe_muni_locator_map.svg",2837.4,"030902","Q1521101","Sipesipe","Sipe Sipe muni locator map.svg","https://commons.wikimedia.org/wiki/File:Sipe_Sipe_muni_locator_map.svg","M192029636","2026-05-15","uploaded"
"Tacachi","Cochabamba","Tacachi","output/locator_maps/muni-maps-final/Tacachi_muni_locator_map.svg",2837.4,"031404","Q1521188","Tacachi","Tacachi muni locator map.svg","https://commons.wikimedia.org/wiki/File:Tacachi_muni_locator_map.svg","M192029648","2026-05-15","uploaded"
"Tacopaya","Cochabamba","Tacopaya","output/locator_maps/muni-maps-final/Tacopaya_muni_locator_map.svg",2837.4,"030602","Q200994","Tacopaya","Tacopaya muni locator map.svg","https://commons.wikimedia.org/wiki/File:Tacopaya_muni_locator_map.svg","M192029674","2026-05-15","uploaded"
"Tapacarí","Cochabamba","Tapacarí","output/locator_maps/muni-maps-final/Tapacari_muni_locator_map.svg",2837.4,"031101","Q1953206","Tapacarí","Tapacarí muni locator map.svg","https://commons.wikimedia.org/wiki/File:Tapacarí_muni_locator_map.svg","M192029699","2026-05-15","uploaded"
"Tarata","Cochabamba","Tarata","output/locator_maps/muni-maps-final/Tarata_muni_locator_map.svg",2837.4,"030401","Q659801","Tarata","Tarata muni locator map.svg","https://commons.wikimedia.org/wiki/File:Tarata_muni_locator_map.svg","M192029717","2026-05-15","uploaded"
"Tiquipaya","Cochabamba","Tiquipaya","output/locator_maps/muni-maps-final/Tiquipaya_muni_locator_map.svg",2837.4,"030903","Q303590","Tiquipaya","Tiquipaya muni locator map.svg","https://commons.wikimedia.org/wiki/File:Tiquipaya_muni_locator_map.svg","M192029732","2026-05-15","uploaded"
"Tiraque","Cochabamba","Tiraque","output/locator_maps/muni-maps-final/Tiraque_muni_locator_map.svg",2837.4,"031601","Q1516831","Tiraque","Tiraque muni locator map.svg","https://commons.wikimedia.org/wiki/File:Tiraque_muni_locator_map.svg","M192029748","2026-05-15","uploaded"
"Toco","Cochabamba","Toco","output/locator_maps/muni-maps-final/Toco_muni_locator_map.svg",2837.4,"030802","Q1272109","Toco","Toco muni locator map.svg","https://commons.wikimedia.org/wiki/File:Toco_muni_locator_map.svg","M192029772","2026-05-15","uploaded"
"Tolata","Cochabamba","Tolata","output/locator_maps/muni-maps-final/Tolata_muni_locator_map.svg",2837.4,"030803","Q1816574","Tolata","Tolata muni locator map.svg","https://commons.wikimedia.org/wiki/File:Tolata_muni_locator_map.svg","M192029785","2026-05-15","uploaded"
"Totora","Cochabamba","Totora","output/locator_maps/muni-maps-final/Totora_(Cochabamba)_muni_locator_map.svg",2837.4,"031201","Q508944","Totora","Totora (Cochabamba) muni locator map.svg","https://commons.wikimedia.org/wiki/File:Totora_(Cochabamba)_muni_locator_map.svg","M192029795","2026-05-15","uploaded"
"Vacas","Cochabamba","Vacas","output/locator_maps/muni-maps-final/Vacas_muni_locator_map.svg",2837.4,"030502","Q1817895","Vacas","Vacas muni locator map.svg","https://commons.wikimedia.org/wiki/File:Vacas_muni_locator_map.svg","M192029807","2026-05-15","uploaded"
"Vila Vila","Cochabamba","Vila Vila","output/locator_maps/muni-maps-final/Vila_Vila_muni_locator_map.svg",2837.4,"031302","Q1814595","Vila Vila","Vila Vila muni locator map.svg","https://commons.wikimedia.org/wiki/File:Vila_Vila_muni_locator_map.svg","M192029821","2026-05-15","uploaded"
"Cuchumuela","Cochabamba","Cuchumuela","output/locator_maps/muni-maps-final/Cuchumuela_muni_locator_map.svg",2837.4,"031405","Q1521224","Villa Gualberto Villarroel","Cuchumuela muni locator map.svg","https://commons.wikimedia.org/wiki/File:Cuchumuela_muni_locator_map.svg","M192029834","2026-05-15","uploaded"
"Villa Rivero","Cochabamba","Villa Rivero","output/locator_maps/muni-maps-final/Villa_Rivero_muni_locator_map.svg",2837.4,"031402","Q1521162","Villa Rivero","Villa Rivero muni locator map.svg","https://commons.wikimedia.org/wiki/File:Villa_Rivero_muni_locator_map.svg","M192029850","2026-05-15","uploaded"
"Villa Tunari","Cochabamba","Villa Tunari","output/locator_maps/muni-maps-final/Villa_Tunari_muni_locator_map.svg",2837.4,"031003","Q1232232","Villa Tunari","Villa Tunari muni locator map.svg","https://commons.wikimedia.org/wiki/File:Villa_Tunari_muni_locator_map.svg","M192029865","2026-05-15","uploaded"
"Vinto","Cochabamba","Vinto","output/locator_maps/muni-maps-final/Vinto_muni_locator_map.svg",2837.4,"030904","Q1521087","Vinto","Vinto muni locator map.svg","https://commons.wikimedia.org/wiki/File:Vinto_muni_locator_map.svg","M192029881","2026-05-15","uploaded"
"Achacachi","La Paz","Achacachi","output/locator_maps/muni-maps-final/Achacachi_muni_locator_map.svg",2837.4,"020201","Q1819965","Achacachi","Achacachi muni locator map.svg","https://commons.wikimedia.org/wiki/File:Achacachi_muni_locator_map.svg",NA,NA,"already_exists"
"Achocalla","La Paz","Achocalla","output/locator_maps/muni-maps-final/Achocalla_muni_locator_map.svg",2837.4,"020104","Q1552057","Achocalla","Achocalla muni locator map.svg","https://commons.wikimedia.org/wiki/File:Achocalla_muni_locator_map.svg","M192029900","2026-05-15","uploaded"
"Alto Beni","La Paz","Alto Beni","output/locator_maps/muni-maps-final/Alto_Beni_muni_locator_map.svg",2837.4,"022002","Q1952850","Alto Beni","Alto Beni muni locator map.svg","https://commons.wikimedia.org/wiki/File:Alto_Beni_muni_locator_map.svg","M192029909","2026-05-15","uploaded"
"Apolo","La Paz","Apolo","output/locator_maps/muni-maps-final/Apolo_muni_locator_map.svg",2837.4,"020701","Q1544572","Apolo","Apolo muni locator map.svg","https://commons.wikimedia.org/wiki/File:Apolo_muni_locator_map.svg","M192029932","2026-05-15","uploaded"
"Aucapata","La Paz","Aucapata","output/locator_maps/muni-maps-final/Aucapata_muni_locator_map.svg",2837.4,"020503","Q287053","Aucapata","Aucapata muni locator map.svg","https://commons.wikimedia.org/wiki/File:Aucapata_muni_locator_map.svg","M192029951","2026-05-15","uploaded"
"Ayata","La Paz","Ayata","output/locator_maps/muni-maps-final/Ayata_muni_locator_map.svg",2837.4,"020502","Q1544657","Ayata","Ayata muni locator map.svg","https://commons.wikimedia.org/wiki/File:Ayata_muni_locator_map.svg","M192029978","2026-05-15","uploaded"
"Ayo Ayo","La Paz","Ayo Ayo","output/locator_maps/muni-maps-final/Ayo_Ayo_muni_locator_map.svg",2837.4,"021303","Q490965","Ayo Ayo","Ayo Ayo muni locator map.svg","https://commons.wikimedia.org/wiki/File:Ayo_Ayo_muni_locator_map.svg","M192029993","2026-05-15","uploaded"
"Batallas","La Paz","Batallas","output/locator_maps/muni-maps-final/Batallas_muni_locator_map.svg",2837.4,"021203","Q631626","Batallas","Batallas muni locator map.svg","https://commons.wikimedia.org/wiki/File:Batallas_muni_locator_map.svg","M192030012","2026-05-15","uploaded"
"Cairoma","La Paz","Cairoma","output/locator_maps/muni-maps-final/Cairoma_muni_locator_map.svg",2837.4,"020905","Q1552096","Cairoma","Cairoma muni locator map.svg","https://commons.wikimedia.org/wiki/File:Cairoma_muni_locator_map.svg","M192030027","2026-05-15","uploaded"
"Cajuata","La Paz","Cajuata","output/locator_maps/muni-maps-final/Cajuata_muni_locator_map.svg",2837.4,"021003","Q1544600","Cajuata","Cajuata muni locator map.svg","https://commons.wikimedia.org/wiki/File:Cajuata_muni_locator_map.svg","M192030041","2026-05-15","uploaded"
"Calacoto","La Paz","Calacoto","output/locator_maps/muni-maps-final/Calacoto_muni_locator_map.svg",2837.4,"020303","Q1409686","Calacoto","Calacoto muni locator map.svg","https://commons.wikimedia.org/wiki/File:Calacoto_muni_locator_map.svg","M192030057","2026-05-15","uploaded"
"Calamarca","La Paz","Calamarca","output/locator_maps/muni-maps-final/Calamarca_muni_locator_map.svg",2837.4,"021304","Q490962","Calamarca","Calamarca muni locator map.svg","https://commons.wikimedia.org/wiki/File:Calamarca_muni_locator_map.svg","M192030075","2026-05-15","uploaded"
"Caquiaviri","La Paz","Caquiaviri","output/locator_maps/muni-maps-final/Caquiaviri_muni_locator_map.svg",2837.4,"020302","Q917595","Caquiaviri","Caquiaviri muni locator map.svg","https://commons.wikimedia.org/wiki/File:Caquiaviri_muni_locator_map.svg","M192030100","2026-05-15","uploaded"
"Caranavi","La Paz","Caranavi","output/locator_maps/muni-maps-final/Caranavi_muni_locator_map.svg",2837.4,"022001","Q916357","Caranavi","Caranavi muni locator map.svg","https://commons.wikimedia.org/wiki/File:Caranavi_muni_locator_map.svg","M192030119","2026-05-15","uploaded"
"Catacora","La Paz","Catacora","output/locator_maps/muni-maps-final/Catacora_muni_locator_map.svg",2837.4,"021902","Q1501710","Catacora","Catacora muni locator map.svg","https://commons.wikimedia.org/wiki/File:Catacora_muni_locator_map.svg","M192030149","2026-05-15","uploaded"
"Chacarilla","La Paz","Chacarilla","output/locator_maps/muni-maps-final/Chacarilla_muni_locator_map.svg",2837.4,"021803","Q743427","Chacarilla","Chacarilla muni locator map.svg","https://commons.wikimedia.org/wiki/File:Chacarilla_muni_locator_map.svg","M192030214","2026-05-15","uploaded"
"Charazani","La Paz","Charazani","output/locator_maps/muni-maps-final/Charazani_muni_locator_map.svg",2837.4,"021601","Q1544495","Charazani","Charazani muni locator map.svg","https://commons.wikimedia.org/wiki/File:Charazani_muni_locator_map.svg","M192030247","2026-05-15","uploaded"
"Charaña","La Paz","Charaña","output/locator_maps/muni-maps-final/Charana_muni_locator_map.svg",2837.4,"020305","Q428293","Charaña","Charaña muni locator map.svg","https://commons.wikimedia.org/wiki/File:Charaña_muni_locator_map.svg","M192030267","2026-05-15","uploaded"
"Chua Cocani","La Paz","Chua Cocani","output/locator_maps/muni-maps-final/Chua_Cocani_muni_locator_map.svg",2837.4,"020203","Q1952923","Chua Cocani","Chua Cocani muni locator map.svg","https://commons.wikimedia.org/wiki/File:Chua_Cocani_muni_locator_map.svg","M192030290","2026-05-15","uploaded"
"Chulumani","La Paz","Chulumani","output/locator_maps/muni-maps-final/Chulumani_muni_locator_map.svg",2837.4,"021101","Q1552034","Chulumani","Chulumani muni locator map.svg","https://commons.wikimedia.org/wiki/File:Chulumani_muni_locator_map.svg","M192030308","2026-05-15","uploaded"
"Chuma","La Paz","Chuma","output/locator_maps/muni-maps-final/Chuma_muni_locator_map.svg",2837.4,"020501","Q1552008","Chuma","Chuma muni locator map.svg","https://commons.wikimedia.org/wiki/File:Chuma_muni_locator_map.svg","M192030322","2026-05-15","uploaded"
"Collana","La Paz","Collana","output/locator_maps/muni-maps-final/Collana_muni_locator_map.svg",2837.4,"021307","Q490945","Collana","Collana muni locator map.svg","https://commons.wikimedia.org/wiki/File:Collana_muni_locator_map.svg","M192030339","2026-05-15","uploaded"
"Colquencha","La Paz","Colquencha","output/locator_maps/muni-maps-final/Colquencha_muni_locator_map.svg",2837.4,"021306","Q490983","Colquencha","Colquencha muni locator map.svg","https://commons.wikimedia.org/wiki/File:Colquencha_muni_locator_map.svg","M192030356","2026-05-15","uploaded"
"Colquiri","La Paz","Colquiri","output/locator_maps/muni-maps-final/Colquiri_muni_locator_map.svg",2837.4,"021004","Q1544551","Colquiri","Colquiri muni locator map.svg","https://commons.wikimedia.org/wiki/File:Colquiri_muni_locator_map.svg","M192030378","2026-05-15","uploaded"
"Comanche","La Paz","Comanche","output/locator_maps/muni-maps-final/Comanche_muni_locator_map.svg",2837.4,"020304","Q534012","Comanche","Comanche muni locator map.svg","https://commons.wikimedia.org/wiki/File:Comanche_muni_locator_map.svg","M192030394","2026-05-15","uploaded"
"Combaya","La Paz","Combaya","output/locator_maps/muni-maps-final/Combaya_muni_locator_map.svg",2837.4,"020605","Q1585114","Combaya","Combaya muni locator map.svg","https://commons.wikimedia.org/wiki/File:Combaya_muni_locator_map.svg","M192030420","2026-05-15","uploaded"
"Copacabana","La Paz","Copacabana","output/locator_maps/muni-maps-final/Copacabana_muni_locator_map.svg",2837.4,"021701","Q520394","Copacabana","Copacabana muni locator map.svg","https://commons.wikimedia.org/wiki/File:Copacabana_muni_locator_map.svg","M192030443","2026-05-15","uploaded"
"Coripata","La Paz","Coripata","output/locator_maps/muni-maps-final/Coripata_muni_locator_map.svg",2837.4,"021402","Q1303284","Coripata","Coripata muni locator map.svg","https://commons.wikimedia.org/wiki/File:Coripata_muni_locator_map.svg","M192030458","2026-05-15","uploaded"
"Coro Coro","La Paz","Coro Coro","output/locator_maps/muni-maps-final/Coro_Coro_muni_locator_map.svg",2837.4,"020301","Q1814929","Corocoro","Coro Coro muni locator map.svg","https://commons.wikimedia.org/wiki/File:Coro_Coro_muni_locator_map.svg","M192030475","2026-05-15","uploaded"
"Coroico","La Paz","Coroico","output/locator_maps/muni-maps-final/Coroico_muni_locator_map.svg",2837.4,"021401","Q1552069","Coroico","Coroico muni locator map.svg","https://commons.wikimedia.org/wiki/File:Coroico_muni_locator_map.svg","M192030498","2026-05-15","uploaded"
"Curva","La Paz","Curva","output/locator_maps/muni-maps-final/Curva_muni_locator_map.svg",2837.4,"021602","Q1544505","Curva","Curva muni locator map.svg","https://commons.wikimedia.org/wiki/File:Curva_muni_locator_map.svg","M192030511","2026-05-15","uploaded"
"Desaguadero","La Paz","Desaguadero","output/locator_maps/muni-maps-final/Desaguadero_muni_locator_map.svg",2837.4,"020804","Q1952961","Desaguadero","Desaguadero muni locator map.svg","https://commons.wikimedia.org/wiki/File:Desaguadero_muni_locator_map.svg","M192030524","2026-05-15","uploaded"
"El Alto","La Paz","El Alto","output/locator_maps/muni-maps-final/El_Alto_muni_locator_map.svg",2837.4,"020105","Q955745","El Alto","El Alto muni locator map.svg","https://commons.wikimedia.org/wiki/File:El_Alto_muni_locator_map.svg","M192030542","2026-05-15","uploaded"
"Escoma","La Paz","Escoma","output/locator_maps/muni-maps-final/Escoma_muni_locator_map.svg",2837.4,"020405","Q1952964","Escoma","Escoma muni locator map.svg","https://commons.wikimedia.org/wiki/File:Escoma_muni_locator_map.svg","M192030558","2026-05-15","uploaded"
"Guanay","La Paz","Guanay","output/locator_maps/muni-maps-final/Guanay_muni_locator_map.svg",2837.4,"020602","Q1551023","Guanay","Guanay muni locator map.svg","https://commons.wikimedia.org/wiki/File:Guanay_muni_locator_map.svg","M192030574","2026-05-15","uploaded"
"Huarina","La Paz","Huarina","output/locator_maps/muni-maps-final/Huarina_muni_locator_map.svg",2837.4,"020204","Q1952982","Huarina","Huarina muni locator map.svg","https://commons.wikimedia.org/wiki/File:Huarina_muni_locator_map.svg","M192030589","2026-05-15","uploaded"
"Huatajata","La Paz","Huatajata","output/locator_maps/muni-maps-final/Huatajata_muni_locator_map.svg",2837.4,"020206","Q1952976","Huatajata","Huatajata muni locator map.svg","https://commons.wikimedia.org/wiki/File:Huatajata_muni_locator_map.svg","M192030600","2026-05-15","uploaded"
"Humanata","La Paz","Humanata","output/locator_maps/muni-maps-final/Humanata_muni_locator_map.svg",2837.4,"020404","Q1952986","Humanata","Humanata muni locator map.svg","https://commons.wikimedia.org/wiki/File:Humanata_muni_locator_map.svg","M192030616","2026-05-15","uploaded"
"Ichoca","La Paz","Ichoca","output/locator_maps/muni-maps-final/Ichoca_muni_locator_map.svg",2837.4,"021005","Q1544514","Ichoca","Ichoca muni locator map.svg","https://commons.wikimedia.org/wiki/File:Ichoca_muni_locator_map.svg","M192030625","2026-05-15","uploaded"
"Inquisivi","La Paz","Inquisivi","output/locator_maps/muni-maps-final/Inquisivi_muni_locator_map.svg",2837.4,"021001","Q1819415","Inquisivi","Inquisivi muni locator map.svg","https://commons.wikimedia.org/wiki/File:Inquisivi_muni_locator_map.svg","M192030636","2026-05-15","uploaded"
"Irupana","La Paz","Irupana","output/locator_maps/muni-maps-final/Irupana_muni_locator_map.svg",2837.4,"021102","Q1552014","Irupana","Irupana muni locator map.svg","https://commons.wikimedia.org/wiki/File:Irupana_muni_locator_map.svg","M192030649","2026-05-15","uploaded"
"Ixiamas","La Paz","Ixiamas","output/locator_maps/muni-maps-final/Ixiamas_muni_locator_map.svg",2837.4,"021501","Q1544558","Ixiamas","Ixiamas muni locator map.svg","https://commons.wikimedia.org/wiki/File:Ixiamas_muni_locator_map.svg","M192030667","2026-05-15","uploaded"
"Jesús de Machaca","La Paz","Jesús de Machaca","output/locator_maps/muni-maps-final/Jesus_de_Machaca_muni_locator_map.svg",2837.4,"020806","Q1305298","Jesús de Machaka","Jesús de Machaca muni locator map.svg","https://commons.wikimedia.org/wiki/File:Jesús_de_Machaca_muni_locator_map.svg","M192030679","2026-05-15","uploaded"
"San Andrés de Machaca","La Paz","San Andrés de Machaca","output/locator_maps/muni-maps-final/San_Andres_de_Machaca_muni_locator_map.svg",2837.4,"020805","Q1544522","La (Marka) San Andrés de Machaca","San Andrés de Machaca muni locator map.svg","https://commons.wikimedia.org/wiki/File:San_Andrés_de_Machaca_muni_locator_map.svg","M192030687","2026-05-15","uploaded"
"La Asunta","La Paz","La Asunta","output/locator_maps/muni-maps-final/La_Asunta_muni_locator_map.svg",2837.4,"021105","Q1552078","La Asunta","La Asunta muni locator map.svg","https://commons.wikimedia.org/wiki/File:La_Asunta_muni_locator_map.svg","M192030698","2026-05-15","uploaded"
"Laja","La Paz","Laja","output/locator_maps/muni-maps-final/Laja_muni_locator_map.svg",2837.4,"021202","Q1544635","Laja","Laja muni locator map.svg","https://commons.wikimedia.org/wiki/File:Laja_muni_locator_map.svg","M192030710","2026-05-15","uploaded"
"Luribay","La Paz","Luribay","output/locator_maps/muni-maps-final/Luribay_muni_locator_map.svg",2837.4,"020901","Q1819426","Luribay","Luribay muni locator map.svg","https://commons.wikimedia.org/wiki/File:Luribay_muni_locator_map.svg","M192030724","2026-05-15","uploaded"
"Malla","La Paz","Malla","output/locator_maps/muni-maps-final/Malla_muni_locator_map.svg",2837.4,"020904","Q1315889","Malla","Malla muni locator map.svg","https://commons.wikimedia.org/wiki/File:Malla_muni_locator_map.svg","M192030737","2026-05-15","uploaded"
"Mapiri","La Paz","Mapiri","output/locator_maps/muni-maps-final/Mapiri_muni_locator_map.svg",2837.4,"020607","Q1585050","Mapiri","Mapiri muni locator map.svg","https://commons.wikimedia.org/wiki/File:Mapiri_muni_locator_map.svg","M192030748","2026-05-15","uploaded"
"Mecapaca","La Paz","Mecapaca","output/locator_maps/muni-maps-final/Mecapaca_muni_locator_map.svg",2837.4,"020103","Q1551628","Mecapaca","Mecapaca muni locator map.svg","https://commons.wikimedia.org/wiki/File:Mecapaca_muni_locator_map.svg","M192030759","2026-05-15","uploaded"
"Mocomoco","La Paz","Mocomoco","output/locator_maps/muni-maps-final/Mocomoco_muni_locator_map.svg",2837.4,"020402","Q1544446","Mocomoco","Mocomoco muni locator map.svg","https://commons.wikimedia.org/wiki/File:Mocomoco_muni_locator_map.svg","M192030769","2026-05-15","uploaded"
"Nazacara de Pacajes","La Paz","Nazacara de Pacajes","output/locator_maps/muni-maps-final/Nazacara_de_Pacajes_muni_locator_map.svg",2837.4,"020307","Q1544578","Nazacara de Pacajes","Nazacara de Pacajes muni locator map.svg","https://commons.wikimedia.org/wiki/File:Nazacara_de_Pacajes_muni_locator_map.svg","M192030780","2026-05-15","uploaded"
"La Paz","La Paz","La Paz","output/locator_maps/muni-maps-final/La_Paz_muni_locator_map.svg",2837.4,"020101","Q591120","Nuestra Señora de La Paz","La Paz muni locator map.svg","https://commons.wikimedia.org/wiki/File:La_Paz_muni_locator_map.svg","M192030793","2026-05-15","uploaded"
"Palca","La Paz","Palca","output/locator_maps/muni-maps-final/Palca_muni_locator_map.svg",2837.4,"020102","Q1536059","Palca","Palca muni locator map.svg","https://commons.wikimedia.org/wiki/File:Palca_muni_locator_map.svg","M192030803","2026-05-15","uploaded"
"Palos Blancos","La Paz","Palos Blancos","output/locator_maps/muni-maps-final/Palos_Blancos_muni_locator_map.svg",2837.4,"021104","Q1551606","Palos Blancos","Palos Blancos muni locator map.svg","https://commons.wikimedia.org/wiki/File:Palos_Blancos_muni_locator_map.svg","M192030814","2026-05-15","uploaded"
"Papel Pampa","La Paz","Papel Pampa","output/locator_maps/muni-maps-final/Papel_Pampa_muni_locator_map.svg",2837.4,"021802","Q1434273","Papel Pampa","Papel Pampa muni locator map.svg","https://commons.wikimedia.org/wiki/File:Papel_Pampa_muni_locator_map.svg","M192030828","2026-05-15","uploaded"
"Patacamaya","La Paz","Patacamaya","output/locator_maps/muni-maps-final/Patacamaya_muni_locator_map.svg",2837.4,"021305","Q490971","Patacamaya","Patacamaya muni locator map.svg","https://commons.wikimedia.org/wiki/File:Patacamaya_muni_locator_map.svg","M192030837","2026-05-15","uploaded"
"Pelechuco","La Paz","Pelechuco","output/locator_maps/muni-maps-final/Pelechuco_muni_locator_map.svg",2837.4,"020702","Q1297662","Pelechuco","Pelechuco muni locator map.svg","https://commons.wikimedia.org/wiki/File:Pelechuco_muni_locator_map.svg","M192030851","2026-05-15","uploaded"
"Pucarani","La Paz","Pucarani","output/locator_maps/muni-maps-final/Pucarani_muni_locator_map.svg",2837.4,"021201","Q1265440","Pucarani","Pucarani muni locator map.svg","https://commons.wikimedia.org/wiki/File:Pucarani_muni_locator_map.svg","M192030861","2026-05-15","uploaded"
"Puerto Acosta","La Paz","Puerto Acosta","output/locator_maps/muni-maps-final/Puerto_Acosta_muni_locator_map.svg",2837.4,"020401","Q1544478","Puerto Acosta","Puerto Acosta muni locator map.svg","https://commons.wikimedia.org/wiki/File:Puerto_Acosta_muni_locator_map.svg","M192030875","2026-05-15","uploaded"
"Puerto Carabuco","La Paz","Puerto Carabuco","output/locator_maps/muni-maps-final/Puerto_Carabuco_muni_locator_map.svg",2837.4,"020403","Q289565","Puerto Mayor de Carabuco","Puerto Carabuco muni locator map.svg","https://commons.wikimedia.org/wiki/File:Puerto_Carabuco_muni_locator_map.svg","M192030893","2026-05-15","uploaded"
"Guaqui","La Paz","Guaqui","output/locator_maps/muni-maps-final/Guaqui_muni_locator_map.svg",2837.4,"020802","Q1118260","Puerto Mayor de Guaqui","Guaqui muni locator map.svg","https://commons.wikimedia.org/wiki/File:Guaqui_muni_locator_map.svg","M192030907","2026-05-15","uploaded"
"Puerto Pérez","La Paz","Puerto Pérez","output/locator_maps/muni-maps-final/Puerto_Perez_muni_locator_map.svg",2837.4,"021204","Q1544630","Puerto Pérez","Puerto Pérez muni locator map.svg","https://commons.wikimedia.org/wiki/File:Puerto_Pérez_muni_locator_map.svg","M192030917","2026-05-15","uploaded"
"Quiabaya","La Paz","Quiabaya","output/locator_maps/muni-maps-final/Quiabaya_muni_locator_map.svg",2837.4,"020604","Q1585064","Quiabaya","Quiabaya muni locator map.svg","https://commons.wikimedia.org/wiki/File:Quiabaya_muni_locator_map.svg","M192030928","2026-05-15","uploaded"
"Quime","La Paz","Quime","output/locator_maps/muni-maps-final/Quime_muni_locator_map.svg",2837.4,"021002","Q1819405","Quime","Quime muni locator map.svg","https://commons.wikimedia.org/wiki/File:Quime_muni_locator_map.svg","M192030938","2026-05-15","uploaded"
"San Buenaventura","La Paz","San Buenaventura","output/locator_maps/muni-maps-final/San_Buenaventura_muni_locator_map.svg",2837.4,"021502","Q1814898","San Buenaventura","San Buenaventura muni locator map.svg","https://commons.wikimedia.org/wiki/File:San_Buenaventura_muni_locator_map.svg","M192030950","2026-05-15","uploaded"
"San Pedro de Curahuara","La Paz","San Pedro de Curahuara","output/locator_maps/muni-maps-final/San_Pedro_de_Curahuara_muni_locator_map.svg",2837.4,"021801","Q1544586","San Pedro de Curahuara","San Pedro de Curahuara muni locator map.svg","https://commons.wikimedia.org/wiki/File:San_Pedro_de_Curahuara_muni_locator_map.svg","M192030962","2026-05-15","uploaded"
"San Pedro de Tiquina","La Paz","San Pedro de Tiquina","output/locator_maps/muni-maps-final/San_Pedro_de_Tiquina_muni_locator_map.svg",2837.4,"021702","Q1819398","San Pedro de Tiquina","San Pedro de Tiquina muni locator map.svg","https://commons.wikimedia.org/wiki/File:San_Pedro_de_Tiquina_muni_locator_map.svg","M192030970","2026-05-15","uploaded"
"Callapa","La Paz","Callapa","output/locator_maps/muni-maps-final/Callapa_muni_locator_map.svg",2837.4,"020308","Q741915","Santiago de Callapa","Callapa muni locator map.svg","https://commons.wikimedia.org/wiki/File:Callapa_muni_locator_map.svg","M192030981","2026-05-15","uploaded"
"Santiago de Huata","La Paz","Santiago de Huata","output/locator_maps/muni-maps-final/Santiago_de_Huata_muni_locator_map.svg",2837.4,"020205","Q1953187","Santiago de Huata","Santiago de Huata muni locator map.svg","https://commons.wikimedia.org/wiki/File:Santiago_de_Huata_muni_locator_map.svg","M192030995","2026-05-15","uploaded"
"Santiago de Machaca","La Paz","Santiago de Machaca","output/locator_maps/muni-maps-final/Santiago_de_Machaca_muni_locator_map.svg",2837.4,"021901","Q1544546","Santiago de Machaca","Santiago de Machaca muni locator map.svg","https://commons.wikimedia.org/wiki/File:Santiago_de_Machaca_muni_locator_map.svg","M192031006","2026-05-15","uploaded"
"Sapahaqui","La Paz","Sapahaqui","output/locator_maps/muni-maps-final/Sapahaqui_muni_locator_map.svg",2837.4,"020902","Q491527","Sapahaqui","Sapahaqui muni locator map.svg","https://commons.wikimedia.org/wiki/File:Sapahaqui_muni_locator_map.svg","M192031021","2026-05-15","uploaded"
"Sica Sica","La Paz","Sica Sica","output/locator_maps/muni-maps-final/Sica_Sica_muni_locator_map.svg",2837.4,"021301","Q491501","Sicasica","Sica Sica muni locator map.svg","https://commons.wikimedia.org/wiki/File:Sica_Sica_muni_locator_map.svg","M192031037","2026-05-15","uploaded"
"Sorata","La Paz","Sorata","output/locator_maps/muni-maps-final/Sorata_muni_locator_map.svg",2837.4,"020601","Q1860758","Sorata","Sorata muni locator map.svg","https://commons.wikimedia.org/wiki/File:Sorata_muni_locator_map.svg","M192031045","2026-05-15","uploaded"
"Tacacoma","La Paz","Tacacoma","output/locator_maps/muni-maps-final/Tacacoma_muni_locator_map.svg",2837.4,"020603","Q1860830","Tacacoma","Tacacoma muni locator map.svg","https://commons.wikimedia.org/wiki/File:Tacacoma_muni_locator_map.svg","M192031053","2026-05-15","uploaded"
"Taraco","La Paz","Taraco","output/locator_maps/muni-maps-final/Taraco_muni_locator_map.svg",2837.4,"020807","Q1544565","Taraco","Taraco muni locator map.svg","https://commons.wikimedia.org/wiki/File:Taraco_muni_locator_map.svg","M192031057","2026-05-15","uploaded"
"Teoponte","La Paz","Teoponte","output/locator_maps/muni-maps-final/Teoponte_muni_locator_map.svg",2837.4,"020608","Q692960","Teoponte","Teoponte muni locator map.svg","https://commons.wikimedia.org/wiki/File:Teoponte_muni_locator_map.svg","M192031064","2026-05-15","uploaded"
"Tiahuanaco","La Paz","Tiahuanaco","output/locator_maps/muni-maps-final/Tiahuanaco_muni_locator_map.svg",2837.4,"020803","Q681960","Tiahuanacu","Tiahuanaco muni locator map.svg","https://commons.wikimedia.org/wiki/File:Tiahuanaco_muni_locator_map.svg","M192031080","2026-05-15","uploaded"
"Tipuani","La Paz","Tipuani","output/locator_maps/muni-maps-final/Tipuani_muni_locator_map.svg",2837.4,"020606","Q1585089","Tipuani","Tipuani muni locator map.svg","https://commons.wikimedia.org/wiki/File:Tipuani_muni_locator_map.svg","M192031089","2026-05-15","uploaded"
"Tito Yupanqui","La Paz","Tito Yupanqui","output/locator_maps/muni-maps-final/Tito_Yupanqui_muni_locator_map.svg",2837.4,"021703","Q1552084","Tito Yupanqui","Tito Yupanqui muni locator map.svg","https://commons.wikimedia.org/wiki/File:Tito_Yupanqui_muni_locator_map.svg","M192031100","2026-05-15","uploaded"
"Umala","La Paz","Umala","output/locator_maps/muni-maps-final/Umala_muni_locator_map.svg",2837.4,"021302","Q490956","Umala","Umala muni locator map.svg","https://commons.wikimedia.org/wiki/File:Umala_muni_locator_map.svg","M192031111","2026-05-15","uploaded"
"Viacha","La Paz","Viacha","output/locator_maps/muni-maps-final/Viacha_muni_locator_map.svg",2837.4,"020801","Q1544198","Viacha","Viacha muni locator map.svg","https://commons.wikimedia.org/wiki/File:Viacha_muni_locator_map.svg","M192031120","2026-05-15","uploaded"
"Ancoraimes","La Paz","Ancoraimes","output/locator_maps/muni-maps-final/Ancoraimes_muni_locator_map.svg",2837.4,"020202","Q224511","Villa Ancoraimes","Ancoraimes muni locator map.svg","https://commons.wikimedia.org/wiki/File:Ancoraimes_muni_locator_map.svg","M192031127","2026-05-15","uploaded"
"Licoma Pampa","La Paz","Licoma Pampa","output/locator_maps/muni-maps-final/Licoma_Pampa_muni_locator_map.svg",2837.4,"021006","Q1544480","Villa Libertad Licoma","Licoma Pampa muni locator map.svg","https://commons.wikimedia.org/wiki/File:Licoma_Pampa_muni_locator_map.svg","M192031139","2026-05-15","uploaded"
"Waldo Ballivián","La Paz","Waldo Ballivián","output/locator_maps/muni-maps-final/Waldo_Ballivian_muni_locator_map.svg",2837.4,"020306","Q1481997","Waldo Ballivian","Waldo Ballivián muni locator map.svg","https://commons.wikimedia.org/wiki/File:Waldo_Ballivián_muni_locator_map.svg","M192031150","2026-05-15","uploaded"
"Yaco","La Paz","Yaco","output/locator_maps/muni-maps-final/Yaco_muni_locator_map.svg",2837.4,"020903","Q1552018","Yaco","Yaco muni locator map.svg","https://commons.wikimedia.org/wiki/File:Yaco_muni_locator_map.svg","M192031162","2026-05-15","uploaded"
"Yanacachi","La Paz","Yanacachi","output/locator_maps/muni-maps-final/Yanacachi_muni_locator_map.svg",2837.4,"021103","Q284758","Yanacachi","Yanacachi muni locator map.svg","https://commons.wikimedia.org/wiki/File:Yanacachi_muni_locator_map.svg","M192031172","2026-05-15","uploaded"
"Santiago de Andamarca","Oruro","Santiago de Andamarca","output/locator_maps/muni-maps-final/Santiago_de_Andamarca_muni_locator_map.svg",2837.4,"041201","Q647778","Andamarca","Santiago de Andamarca muni locator map.svg","https://commons.wikimedia.org/wiki/File:Santiago_de_Andamarca_muni_locator_map.svg","M192031185","2026-05-15","uploaded"
"Antequera","Oruro","Antequera","output/locator_maps/muni-maps-final/Antequera_muni_locator_map.svg",2837.4,"040603","Q647847","Antequera","Antequera muni locator map.svg","https://commons.wikimedia.org/wiki/File:Antequera_muni_locator_map.svg","M192031197","2026-05-15","uploaded"
"Belén de Andamarca","Oruro","Belén de Andamarca","output/locator_maps/muni-maps-final/Belen_de_Andamarca_muni_locator_map.svg",2837.4,"041202","Q647861","Belén de Andamarca","Belén de Andamarca muni locator map.svg","https://commons.wikimedia.org/wiki/File:Belén_de_Andamarca_muni_locator_map.svg","M192031208","2026-05-15","uploaded"
"Caracollo","Oruro","Caracollo","output/locator_maps/muni-maps-final/Caracollo_muni_locator_map.svg",2837.4,"040102","Q647748","Caracollo","Caracollo muni locator map.svg","https://commons.wikimedia.org/wiki/File:Caracollo_muni_locator_map.svg","M192031225","2026-05-15","uploaded"
"Carangas","Oruro","Carangas","output/locator_maps/muni-maps-final/Carangas_muni_locator_map.svg",2837.4,"041503","Q647761","Carangas","Carangas muni locator map.svg","https://commons.wikimedia.org/wiki/File:Carangas_muni_locator_map.svg","M192031233","2026-05-15","uploaded"
"Challapata","Oruro","Challapata","output/locator_maps/muni-maps-final/Challapata_muni_locator_map.svg",2837.4,"040201","Q647865","Challapata","Challapata muni locator map.svg","https://commons.wikimedia.org/wiki/File:Challapata_muni_locator_map.svg","M192031241","2026-05-15","uploaded"
"Chipaya","Oruro","Chipaya","output/locator_maps/muni-maps-final/Chipaya_muni_locator_map.svg",2837.4,"040903","Q647818","Chipaya","Chipaya muni locator map.svg","https://commons.wikimedia.org/wiki/File:Chipaya_muni_locator_map.svg","M192031254","2026-05-15","uploaded"
"Choquecota","Oruro","Choquecota","output/locator_maps/muni-maps-final/Choquecota_muni_locator_map.svg",2837.4,"040302","Q647829","Choquecota","Choquecota muni locator map.svg","https://commons.wikimedia.org/wiki/File:Choquecota_muni_locator_map.svg","M192031263","2026-05-15","uploaded"
"Coipasa","Oruro","Coipasa","output/locator_maps/muni-maps-final/Coipasa_muni_locator_map.svg",2837.4,"040902","Q647739","Coipasa","Coipasa muni locator map.svg","https://commons.wikimedia.org/wiki/File:Coipasa_muni_locator_map.svg","M192031271","2026-05-15","uploaded"
"Corque","Oruro","Corque","output/locator_maps/muni-maps-final/Corque_muni_locator_map.svg",2837.4,"040301","Q647881","Corque","Corque muni locator map.svg","https://commons.wikimedia.org/wiki/File:Corque_muni_locator_map.svg","M192031280","2026-05-15","uploaded"
"Cruz de Machacamarca","Oruro","Cruz de Machacamarca","output/locator_maps/muni-maps-final/Cruz_de_Machacamarca_muni_locator_map.svg",2837.4,"040503","Q647771","Cruz de Machacamarca","Cruz de Machacamarca muni locator map.svg","https://commons.wikimedia.org/wiki/File:Cruz_de_Machacamarca_muni_locator_map.svg","M192031290","2026-05-15","uploaded"
"Curahuara de Carangas","Oruro","Curahuara de Carangas","output/locator_maps/muni-maps-final/Curahuara_de_Carangas_muni_locator_map.svg",2837.4,"040401","Q614715","Curahuara de Carangas","Curahuara de Carangas muni locator map.svg","https://commons.wikimedia.org/wiki/File:Curahuara_de_Carangas_muni_locator_map.svg","M192031304","2026-05-15","uploaded"
"El Choro","Oruro","El Choro","output/locator_maps/muni-maps-final/El_Choro_muni_locator_map.svg",2837.4,"040103","Q647796","El Choro","El Choro muni locator map.svg","https://commons.wikimedia.org/wiki/File:El_Choro_muni_locator_map.svg","M192031324","2026-05-15","uploaded"
"Escara","Oruro","Escara","output/locator_maps/muni-maps-final/Escara_muni_locator_map.svg",2837.4,"040502","Q647895","Escara","Escara muni locator map.svg","https://commons.wikimedia.org/wiki/File:Escara_muni_locator_map.svg","M192031343","2026-05-15","uploaded"
"Esmeralda","Oruro","Esmeralda","output/locator_maps/muni-maps-final/Esmeralda_muni_locator_map.svg",2837.4,"040505","Q174806","Esmeralda","Esmeralda muni locator map.svg","https://commons.wikimedia.org/wiki/File:Esmeralda_muni_locator_map.svg","M192031352","2026-05-15","uploaded"
"Eucaliptus","Oruro","Eucaliptus","output/locator_maps/muni-maps-final/Eucaliptus_muni_locator_map.svg",2837.4,"041101","Q1892759","Eucaliptus","Eucaliptus muni locator map.svg","https://commons.wikimedia.org/wiki/File:Eucaliptus_muni_locator_map.svg","M192031368","2026-05-15","uploaded"
"Huachacalla","Oruro","Huachacalla","output/locator_maps/muni-maps-final/Huachacalla_muni_locator_map.svg",2837.4,"040501","Q647800","Huachacalla","Huachacalla muni locator map.svg","https://commons.wikimedia.org/wiki/File:Huachacalla_muni_locator_map.svg","M192031381","2026-05-15","uploaded"
"Huanuni","Oruro","Huanuni","output/locator_maps/muni-maps-final/Huanuni_muni_locator_map.svg",2837.4,"040701","Q647811","Huanuni","Huanuni muni locator map.svg","https://commons.wikimedia.org/wiki/File:Huanuni_muni_locator_map.svg","M192031396","2026-05-15","uploaded"
"Huayllamarca","Oruro","Huayllamarca","output/locator_maps/muni-maps-final/Huayllamarca_muni_locator_map.svg",2837.4,"041601","Q2006663","Huayllamarca","Huayllamarca muni locator map.svg","https://commons.wikimedia.org/wiki/File:Huayllamarca_muni_locator_map.svg","M192031409","2026-05-15","uploaded"
"La Rivera","Oruro","La Rivera","output/locator_maps/muni-maps-final/La_Rivera_muni_locator_map.svg",2837.4,"041501","Q647786","La Rivera","La Rivera muni locator map.svg","https://commons.wikimedia.org/wiki/File:La_Rivera_muni_locator_map.svg","M192031420","2026-05-15","uploaded"
"Machacamarca","Oruro","Machacamarca","output/locator_maps/muni-maps-final/Machacamarca_muni_locator_map.svg",2837.4,"040702","Q647754","Machacamarca","Machacamarca muni locator map.svg","https://commons.wikimedia.org/wiki/File:Machacamarca_muni_locator_map.svg","M192031434","2026-05-15","uploaded"
"Oruro","Oruro","Oruro","output/locator_maps/muni-maps-final/Oruro_muni_locator_map.svg",2837.4,"040101","Q1953059","Oruro","Oruro muni locator map.svg","https://commons.wikimedia.org/wiki/File:Oruro_muni_locator_map.svg","M192031452","2026-05-15","uploaded"
"Pampa Aullagas","Oruro","Pampa Aullagas","output/locator_maps/muni-maps-final/Pampa_Aullagas_muni_locator_map.svg",2837.4,"040802","Q647728","Pampa Aullagas","Pampa Aullagas muni locator map.svg","https://commons.wikimedia.org/wiki/File:Pampa_Aullagas_muni_locator_map.svg","M192031469","2026-05-15","uploaded"
"Paria","Oruro","Paria","output/locator_maps/muni-maps-final/Paria_muni_locator_map.svg",2837.4,"040104","Q684618","Paria","Paria muni locator map.svg","https://commons.wikimedia.org/wiki/File:Paria_muni_locator_map.svg","M192031484","2026-05-15","uploaded"
"Pazña","Oruro","Pazña","output/locator_maps/muni-maps-final/Pazna_muni_locator_map.svg",2837.4,"040602","Q528661","Pazña","Pazña muni locator map.svg","https://commons.wikimedia.org/wiki/File:Pazña_muni_locator_map.svg","M192031497","2026-05-15","uploaded"
"Poopó","Oruro","Poopó","output/locator_maps/muni-maps-final/Poopo_muni_locator_map.svg",2837.4,"040601","Q1520813","Poopó","Poopó muni locator map.svg","https://commons.wikimedia.org/wiki/File:Poopó_muni_locator_map.svg","M192031509","2026-05-15","uploaded"
"Sabaya","Oruro","Sabaya","output/locator_maps/muni-maps-final/Sabaya_muni_locator_map.svg",2837.4,"040901","Q1478043","Sabaya","Sabaya muni locator map.svg","https://commons.wikimedia.org/wiki/File:Sabaya_muni_locator_map.svg","M192031519","2026-05-15","uploaded"
"Salinas de Garci Mendoza","Oruro","Salinas de Garci Mendoza","output/locator_maps/muni-maps-final/Salinas_de_Garci_Mendoza_muni_locator_map.svg",2837.4,"040801","Q647899","Salinas de Garcí Mendoza","Salinas de Garci Mendoza muni locator map.svg","https://commons.wikimedia.org/wiki/File:Salinas_de_Garci_Mendoza_muni_locator_map.svg","M192031535","2026-05-15","uploaded"
"Santiago de Huari","Oruro","Santiago de Huari","output/locator_maps/muni-maps-final/Santiago_de_Huari_muni_locator_map.svg",2837.4,"041401","Q2303100","Santiago de Huari","Santiago de Huari muni locator map.svg","https://commons.wikimedia.org/wiki/File:Santiago_de_Huari_muni_locator_map.svg","M192031556","2026-05-15","uploaded"
"Quillacas","Oruro","Quillacas","output/locator_maps/muni-maps-final/Quillacas_muni_locator_map.svg",2837.4,"040202","Q647890","Santuario de Quillacas","Quillacas muni locator map.svg","https://commons.wikimedia.org/wiki/File:Quillacas_muni_locator_map.svg","M192031564","2026-05-15","uploaded"
"Todos Santos","Oruro","Todos Santos","output/locator_maps/muni-maps-final/Todos_Santos_muni_locator_map.svg",2837.4,"041502","Q647838","Todos Santos","Todos Santos muni locator map.svg","https://commons.wikimedia.org/wiki/File:Todos_Santos_muni_locator_map.svg","M192031576","2026-05-15","uploaded"
"Toledo","Oruro","Toledo","output/locator_maps/muni-maps-final/Toledo_muni_locator_map.svg",2837.4,"041001","Q523242","Toledo","Toledo muni locator map.svg","https://commons.wikimedia.org/wiki/File:Toledo_muni_locator_map.svg","M192031587","2026-05-15","uploaded"
"Totora","Oruro","Totora","output/locator_maps/muni-maps-final/Totora_(Oruro)_muni_locator_map.svg",2837.4,"041301","Q1953183","Totora","Totora (Oruro) muni locator map.svg","https://commons.wikimedia.org/wiki/File:Totora_(Oruro)_muni_locator_map.svg","M192031605","2026-05-15","uploaded"
"Turco","Oruro","Turco","output/locator_maps/muni-maps-final/Turco_muni_locator_map.svg",2837.4,"040402","Q796998","Turco","Turco muni locator map.svg","https://commons.wikimedia.org/wiki/File:Turco_muni_locator_map.svg","M192031618","2026-05-15","uploaded"
"Yunguyo de Litoral","Oruro","Yunguyo de Litoral","output/locator_maps/muni-maps-final/Yunguyo_de_Litoral_muni_locator_map.svg",2837.4,"040504","Q647918","Yunguyo del Litoral","Yunguyo de Litoral muni locator map.svg","https://commons.wikimedia.org/wiki/File:Yunguyo_de_Litoral_muni_locator_map.svg","M192031632","2026-05-15","uploaded"
"Bella Flor","Pando","Bella Flor","output/locator_maps/muni-maps-final/Bella_Flor_muni_locator_map.svg",2837.4,"090104","Q198360","Bella Flor","Bella Flor muni locator map.svg","https://commons.wikimedia.org/wiki/File:Bella_Flor_muni_locator_map.svg","M192031643","2026-05-15","uploaded"
"Bolpebra","Pando","Bolpebra","output/locator_maps/muni-maps-final/Bolpebra_muni_locator_map.svg",2837.4,"090103","Q198353","Bolpebra","Bolpebra muni locator map.svg","https://commons.wikimedia.org/wiki/File:Bolpebra_muni_locator_map.svg","M192031662","2026-05-15","uploaded"
"Cobija","Pando","Cobija","output/locator_maps/muni-maps-final/Cobija_muni_locator_map.svg",2837.4,"090101","Q198367","Cobija","Cobija muni locator map.svg","https://commons.wikimedia.org/wiki/File:Cobija_muni_locator_map.svg","M192031672","2026-05-15","uploaded"
"Filadelfia","Pando","Filadelfia","output/locator_maps/muni-maps-final/Filadelfia_muni_locator_map.svg",2837.4,"090203","Q198391","Filadelfia","Filadelfia muni locator map.svg","https://commons.wikimedia.org/wiki/File:Filadelfia_muni_locator_map.svg","M192031684","2026-05-15","uploaded"
"Ingavi","Pando","Ingavi","output/locator_maps/muni-maps-final/Ingavi_muni_locator_map.svg",2837.4,"090402","Q198351","Ingavi","Ingavi muni locator map.svg","https://commons.wikimedia.org/wiki/File:Ingavi_muni_locator_map.svg","M192031693","2026-05-15","uploaded"
"Nueva Esperanza","Pando","Nueva Esperanza","output/locator_maps/muni-maps-final/Nueva_Esperanza_muni_locator_map.svg",2837.4,"090501","Q198389","Nueva Esperanza","Nueva Esperanza muni locator map.svg","https://commons.wikimedia.org/wiki/File:Nueva_Esperanza_muni_locator_map.svg","M192031706","2026-05-15","uploaded"
"Porvenir","Pando","Porvenir","output/locator_maps/muni-maps-final/Porvenir_muni_locator_map.svg",2837.4,"090102","Q1953096","Porvenir","Porvenir muni locator map.svg","https://commons.wikimedia.org/wiki/File:Porvenir_muni_locator_map.svg","M192031718","2026-05-15","uploaded"
"Puerto Gonzalo Moreno","Pando","Puerto Gonzalo Moreno","output/locator_maps/muni-maps-final/Puerto_Gonzalo_Moreno_muni_locator_map.svg",2837.4,"090301","Q198392","Puerto Gonzalo Moreno","Puerto Gonzalo Moreno muni locator map.svg","https://commons.wikimedia.org/wiki/File:Puerto_Gonzalo_Moreno_muni_locator_map.svg","M192031734","2026-05-15","uploaded"
"Puerto Rico","Pando","Puerto Rico","output/locator_maps/muni-maps-final/Puerto_Rico_muni_locator_map.svg",2837.4,"090201","Q198355","Puerto Rico","Puerto Rico muni locator map.svg","https://commons.wikimedia.org/wiki/File:Puerto_Rico_muni_locator_map.svg","M192031746","2026-05-15","uploaded"
"San Lorenzo","Pando","San Lorenzo","output/locator_maps/muni-maps-final/San_Lorenzo_(Pando)_muni_locator_map.svg",2837.4,"090302","Q195218","San Lorenzo","San Lorenzo (Pando) muni locator map.svg","https://commons.wikimedia.org/wiki/File:San_Lorenzo_(Pando)_muni_locator_map.svg","M192031760","2026-05-15","uploaded"
"San Pedro","Pando","San Pedro","output/locator_maps/muni-maps-final/San_Pedro_(Pando)_muni_locator_map.svg",2837.4,"090202","Q198394","San Pedro","San Pedro (Pando) muni locator map.svg","https://commons.wikimedia.org/wiki/File:San_Pedro_(Pando)_muni_locator_map.svg","M192031773","2026-05-15","uploaded"
"Santa Rosa del Abuná","Pando","Santa Rosa del Abuná","output/locator_maps/muni-maps-final/Santa_Rosa_del_Abuna_muni_locator_map.svg",2837.4,"090401","Q198363","Santa Rosa","Santa Rosa del Abuná muni locator map.svg","https://commons.wikimedia.org/wiki/File:Santa_Rosa_del_Abuná_muni_locator_map.svg","M192031782","2026-05-15","uploaded"
"Santos Mercado","Pando","Santos Mercado","output/locator_maps/muni-maps-final/Santos_Mercado_muni_locator_map.svg",2837.4,"090503","Q198359","Santos Mercado","Santos Mercado muni locator map.svg","https://commons.wikimedia.org/wiki/File:Santos_Mercado_muni_locator_map.svg","M192031796","2026-05-15","uploaded"
"Sena","Pando","Sena","output/locator_maps/muni-maps-final/Sena_muni_locator_map.svg",2837.4,"090303","Q198348","Sena","Sena muni locator map.svg","https://commons.wikimedia.org/wiki/File:Sena_muni_locator_map.svg","M192031809","2026-05-15","uploaded"
"Villa Nueva","Pando","Villa Nueva","output/locator_maps/muni-maps-final/Villa_Nueva_muni_locator_map.svg",2837.4,"090502","Q198357","Villa Nueva","Villa Nueva muni locator map.svg","https://commons.wikimedia.org/wiki/File:Villa_Nueva_muni_locator_map.svg","M192031819","2026-05-15","uploaded"
"Acasio","Potosí","Acasio","output/locator_maps/muni-maps-final/Acasio_muni_locator_map.svg",2837.4,"051302","Q1477964","Acasio","Acasio muni locator map.svg","https://commons.wikimedia.org/wiki/File:Acasio_muni_locator_map.svg","M192031830","2026-05-15","uploaded"
"Arampampa","Potosí","Arampampa","output/locator_maps/muni-maps-final/Arampampa_muni_locator_map.svg",2837.4,"051301","Q1477973","Arampampa","Arampampa muni locator map.svg","https://commons.wikimedia.org/wiki/File:Arampampa_muni_locator_map.svg","M192031844","2026-05-15","uploaded"
"Atocha","Potosí","Atocha","output/locator_maps/muni-maps-final/Atocha_muni_locator_map.svg",2837.4,"050802","Q1477927","Atocha","Atocha muni locator map.svg","https://commons.wikimedia.org/wiki/File:Atocha_muni_locator_map.svg","M192031855","2026-05-15","uploaded"
"Betanzos","Potosí","Betanzos","output/locator_maps/muni-maps-final/Betanzos_muni_locator_map.svg",2837.4,"050301","Q1477951","Betanzos","Betanzos muni locator map.svg","https://commons.wikimedia.org/wiki/File:Betanzos_muni_locator_map.svg","M192031864","2026-05-15","uploaded"
"Caiza D","Potosí","Caiza D","output/locator_maps/muni-maps-final/Caiza_D_muni_locator_map.svg",2837.4,"051102","Q637609","Caiza ""D""","Caiza D muni locator map.svg","https://commons.wikimedia.org/wiki/File:Caiza_D_muni_locator_map.svg","M192031878","2026-05-15","uploaded"
"Caripuyo","Potosí","Caripuyo","output/locator_maps/muni-maps-final/Caripuyo_muni_locator_map.svg",2837.4,"050702","Q1477999","Caripuyo","Caripuyo muni locator map.svg","https://commons.wikimedia.org/wiki/File:Caripuyo_muni_locator_map.svg","M192031890","2026-05-15","uploaded"
"Chaquí","Potosí","Chaquí","output/locator_maps/muni-maps-final/Chaqui_muni_locator_map.svg",2837.4,"050302","Q637599","Chaquí","Chaquí muni locator map.svg","https://commons.wikimedia.org/wiki/File:Chaquí_muni_locator_map.svg","M192031904","2026-05-15","uploaded"
"Chayanta","Potosí","Chayanta","output/locator_maps/muni-maps-final/Chayanta_muni_locator_map.svg",2837.4,"050202","Q1784443","Chayanta","Chayanta muni locator map.svg","https://commons.wikimedia.org/wiki/File:Chayanta_muni_locator_map.svg","M192031912","2026-05-15","uploaded"
"Chuquihuta","Potosí","Chuquihuta","output/locator_maps/muni-maps-final/Chuquihuta_muni_locator_map.svg",2837.4,"050204","Q775675","Chuquihuta Ayllu Jucumani","Chuquihuta muni locator map.svg","https://commons.wikimedia.org/wiki/File:Chuquihuta_muni_locator_map.svg","M192031924","2026-05-15","uploaded"
"Ckochas","Potosí","Ckochas","output/locator_maps/muni-maps-final/Ckochas_muni_locator_map.svg",2837.4,"051103","Q1147210","Ckochas","Ckochas muni locator map.svg","https://commons.wikimedia.org/wiki/File:Ckochas_muni_locator_map.svg","M192031935","2026-05-15","uploaded"
"Colcha K","Potosí","Colcha K","output/locator_maps/muni-maps-final/Colcha_K_muni_locator_map.svg",2837.4,"050901","Q475470","Colcha ""K""","Colcha K muni locator map.svg","https://commons.wikimedia.org/wiki/File:Colcha_K_muni_locator_map.svg","M192031940","2026-05-15","uploaded"
"Colquechaca","Potosí","Colquechaca","output/locator_maps/muni-maps-final/Colquechaca_muni_locator_map.svg",2837.4,"050401","Q933162","Colquechaca","Colquechaca muni locator map.svg","https://commons.wikimedia.org/wiki/File:Colquechaca_muni_locator_map.svg","M192031951","2026-05-15","uploaded"
"Cotagaita","Potosí","Cotagaita","output/locator_maps/muni-maps-final/Cotagaita_muni_locator_map.svg",2837.4,"050601","Q637643","Cotagaita","Cotagaita muni locator map.svg","https://commons.wikimedia.org/wiki/File:Cotagaita_muni_locator_map.svg","M192031961","2026-05-15","uploaded"
"Llallagua","Potosí","Llallagua","output/locator_maps/muni-maps-final/Llallagua_muni_locator_map.svg",2837.4,"050203","Q624490","Llallagua","Llallagua muni locator map.svg","https://commons.wikimedia.org/wiki/File:Llallagua_muni_locator_map.svg","M192031968","2026-05-15","uploaded"
"Llica","Potosí","Llica","output/locator_maps/muni-maps-final/Llica_muni_locator_map.svg",2837.4,"051401","Q1477986","Llica","Llica muni locator map.svg","https://commons.wikimedia.org/wiki/File:Llica_muni_locator_map.svg","M192031980","2026-05-15","uploaded"
"Mojinete","Potosí","Mojinete","output/locator_maps/muni-maps-final/Mojinete_muni_locator_map.svg",2837.4,"051002","Q1783667","Mojinete","Mojinete muni locator map.svg","https://commons.wikimedia.org/wiki/File:Mojinete_muni_locator_map.svg","M192031987","2026-05-15","uploaded"
"Ocurí","Potosí","Ocurí","output/locator_maps/muni-maps-final/Ocuri_muni_locator_map.svg",2837.4,"050404","Q1784436","Ocurí","Ocurí muni locator map.svg","https://commons.wikimedia.org/wiki/File:Ocurí_muni_locator_map.svg","M192032003","2026-05-15","uploaded"
"Pocoata","Potosí","Pocoata","output/locator_maps/muni-maps-final/Pocoata_muni_locator_map.svg",2837.4,"050403","Q1477914","Pocoata","Pocoata muni locator map.svg","https://commons.wikimedia.org/wiki/File:Pocoata_muni_locator_map.svg","M192032017","2026-05-15","uploaded"
"Porco","Potosí","Porco","output/locator_maps/muni-maps-final/Porco_muni_locator_map.svg",2837.4,"051203","Q628665","Porco","Porco muni locator map.svg","https://commons.wikimedia.org/wiki/File:Porco_muni_locator_map.svg","M192032029","2026-05-15","uploaded"
"Potosí","Potosí","Potosí","output/locator_maps/muni-maps-final/Potosi_muni_locator_map.svg",2837.4,"050101","Q1335276","Potosí","Potosí muni locator map.svg","https://commons.wikimedia.org/wiki/File:Potosí_muni_locator_map.svg","M192032040","2026-05-15","uploaded"
"Puna","Potosí","Puna","output/locator_maps/muni-maps-final/Puna_muni_locator_map.svg",2837.4,"051101","Q637655","Puna","Puna muni locator map.svg","https://commons.wikimedia.org/wiki/File:Puna_muni_locator_map.svg","M192032048","2026-05-15","uploaded"
"Ravelo","Potosí","Ravelo","output/locator_maps/muni-maps-final/Ravelo_muni_locator_map.svg",2837.4,"050402","Q1477747","Ravelo","Ravelo muni locator map.svg","https://commons.wikimedia.org/wiki/File:Ravelo_muni_locator_map.svg","M192032059","2026-05-15","uploaded"
"Sacaca","Potosí","Sacaca","output/locator_maps/muni-maps-final/Sacaca_muni_locator_map.svg",2837.4,"050701","Q1477919","Sacaca","Sacaca muni locator map.svg","https://commons.wikimedia.org/wiki/File:Sacaca_muni_locator_map.svg","M192032071","2026-05-15","uploaded"
"San Agustín","Potosí","San Agustín","output/locator_maps/muni-maps-final/San_Agustin_muni_locator_map.svg",2837.4,"051601","Q1953135","San Agustín","San Agustín muni locator map.svg","https://commons.wikimedia.org/wiki/File:San_Agustín_muni_locator_map.svg","M192032082","2026-05-15","uploaded"
"San Antonio de Esmoruco","Potosí","San Antonio de Esmoruco","output/locator_maps/muni-maps-final/San_Antonio_de_Esmoruco_muni_locator_map.svg",2837.4,"051003","Q1477933","San Antonio de Esmoruco","San Antonio de Esmoruco muni locator map.svg","https://commons.wikimedia.org/wiki/File:San_Antonio_de_Esmoruco_muni_locator_map.svg","M192032091","2026-05-15","uploaded"
"San Pablo de Lípez","Potosí","San Pablo de Lípez","output/locator_maps/muni-maps-final/San_Pablo_de_Lipez_muni_locator_map.svg",2837.4,"051001","Q1477898","San Pablo","San Pablo de Lípez muni locator map.svg","https://commons.wikimedia.org/wiki/File:San_Pablo_de_Lípez_muni_locator_map.svg","M192032110","2026-05-15","uploaded"
"San Pedro de Buena Vista","Potosí","San Pedro de Buena Vista","output/locator_maps/muni-maps-final/San_Pedro_de_Buena_Vista_muni_locator_map.svg",2837.4,"050501","Q624522","San Pedro","San Pedro de Buena Vista muni locator map.svg","https://commons.wikimedia.org/wiki/File:San_Pedro_de_Buena_Vista_muni_locator_map.svg","M192032118","2026-05-15","uploaded"
"San Pedro de Quemes","Potosí","San Pedro de Quemes","output/locator_maps/muni-maps-final/San_Pedro_de_Quemes_muni_locator_map.svg",2837.4,"050902","Q540223","San Pedro de Quemes","San Pedro de Quemes muni locator map.svg","https://commons.wikimedia.org/wiki/File:San_Pedro_de_Quemes_muni_locator_map.svg","M192032130","2026-05-15","uploaded"
"Tacobamba","Potosí","Tacobamba","output/locator_maps/muni-maps-final/Tacobamba_muni_locator_map.svg",2837.4,"050303","Q637620","Tacobamba","Tacobamba muni locator map.svg","https://commons.wikimedia.org/wiki/File:Tacobamba_muni_locator_map.svg","M192032137","2026-05-15","uploaded"
"Tahua","Potosí","Tahua","output/locator_maps/muni-maps-final/Tahua_muni_locator_map.svg",2837.4,"051402","Q1477909","Tahua","Tahua muni locator map.svg","https://commons.wikimedia.org/wiki/File:Tahua_muni_locator_map.svg","M192032144","2026-05-15","uploaded"
"Tinguipaya","Potosí","Tinguipaya","output/locator_maps/muni-maps-final/Tinguipaya_muni_locator_map.svg",2837.4,"050102","Q1477957","Tinguipaya","Tinguipaya muni locator map.svg","https://commons.wikimedia.org/wiki/File:Tinguipaya_muni_locator_map.svg","M192032154","2026-05-15","uploaded"
"Tomave","Potosí","Tomave","output/locator_maps/muni-maps-final/Tomave_muni_locator_map.svg",2837.4,"051202","Q1477902","Tomave","Tomave muni locator map.svg","https://commons.wikimedia.org/wiki/File:Tomave_muni_locator_map.svg","M192032161","2026-05-15","uploaded"
"Toro Toro","Potosí","Toro Toro","output/locator_maps/muni-maps-final/Toro_Toro_muni_locator_map.svg",2837.4,"050502","Q624520","Toro Toro","Toro Toro muni locator map.svg","https://commons.wikimedia.org/wiki/File:Toro_Toro_muni_locator_map.svg","M192032177","2026-05-15","uploaded"
"Tupiza","Potosí","Tupiza","output/locator_maps/muni-maps-final/Tupiza_muni_locator_map.svg",2837.4,"050801","Q1477662","Tupiza","Tupiza muni locator map.svg","https://commons.wikimedia.org/wiki/File:Tupiza_muni_locator_map.svg","M192032187","2026-05-15","uploaded"
"Uncía","Potosí","Uncía","output/locator_maps/muni-maps-final/Uncia_muni_locator_map.svg",2837.4,"050201","Q624485","Uncía","Uncía muni locator map.svg","https://commons.wikimedia.org/wiki/File:Uncía_muni_locator_map.svg","M192032203","2026-05-15","uploaded"
"Urmiri","Potosí","Urmiri","output/locator_maps/muni-maps-final/Urmiri_muni_locator_map.svg",2837.4,"050104","Q1478062","Urmiri","Urmiri muni locator map.svg","https://commons.wikimedia.org/wiki/File:Urmiri_muni_locator_map.svg","M192032224","2026-05-15","uploaded"
"Uyuni","Potosí","Uyuni","output/locator_maps/muni-maps-final/Uyuni_muni_locator_map.svg",2837.4,"051201","Q1478014","Uyuni","Uyuni muni locator map.svg","https://commons.wikimedia.org/wiki/File:Uyuni_muni_locator_map.svg","M192032239","2026-05-15","uploaded"
"Villazón","Potosí","Villazón","output/locator_maps/muni-maps-final/Villazon_muni_locator_map.svg",2837.4,"051501","Q15835839","Villazón","Villazón muni locator map.svg","https://commons.wikimedia.org/wiki/File:Villazón_muni_locator_map.svg","M192032249","2026-05-15","uploaded"
"Vitichi","Potosí","Vitichi","output/locator_maps/muni-maps-final/Vitichi_muni_locator_map.svg",2837.4,"050602","Q1533308","Vitiche","Vitichi muni locator map.svg","https://commons.wikimedia.org/wiki/File:Vitichi_muni_locator_map.svg","M192032260","2026-05-15","uploaded"
"Yocalla","Potosí","Yocalla","output/locator_maps/muni-maps-final/Yocalla_muni_locator_map.svg",2837.4,"050103","Q1477980","Yocalla","Yocalla muni locator map.svg","https://commons.wikimedia.org/wiki/File:Yocalla_muni_locator_map.svg","M192032275","2026-05-15","uploaded"
"Ascensión de Guarayos","Santa Cruz","Ascensión de Guarayos","output/locator_maps/muni-maps-final/Ascension_de_Guarayos_muni_locator_map.svg",2837.4,"071501","Q721682","Ascención de Guarayos","Ascensión de Guarayos muni locator map.svg","https://commons.wikimedia.org/wiki/File:Ascensión_de_Guarayos_muni_locator_map.svg","M192032285","2026-05-15","uploaded"
"Boyuibe","Santa Cruz","Boyuibe","output/locator_maps/muni-maps-final/Boyuibe_muni_locator_map.svg",2837.4,"070707","Q515092","Boyuibe","Boyuibe muni locator map.svg","https://commons.wikimedia.org/wiki/File:Boyuibe_muni_locator_map.svg","M192032294","2026-05-15","uploaded"
"Buena Vista","Santa Cruz","Buena Vista","output/locator_maps/muni-maps-final/Buena_Vista_muni_locator_map.svg",2837.4,"070401","Q1001757","Buena Vista","Buena Vista muni locator map.svg","https://commons.wikimedia.org/wiki/File:Buena_Vista_muni_locator_map.svg","M192032301","2026-05-15","uploaded"
"Cabezas","Santa Cruz","Cabezas","output/locator_maps/muni-maps-final/Cabezas_muni_locator_map.svg",2837.4,"070703","Q1024796","Cabezas","Cabezas muni locator map.svg","https://commons.wikimedia.org/wiki/File:Cabezas_muni_locator_map.svg","M192032310","2026-05-15","uploaded"
"Camiri","Santa Cruz","Camiri","output/locator_maps/muni-maps-final/Camiri_muni_locator_map.svg",2837.4,"070706","Q1029614","Camiri","Camiri muni locator map.svg","https://commons.wikimedia.org/wiki/File:Camiri_muni_locator_map.svg","M192032325","2026-05-15","uploaded"
"Charagua","Santa Cruz","Charagua","output/locator_maps/muni-maps-final/Charagua_muni_locator_map.svg",2837.4,"070702","Q598031","Charagua","Charagua muni locator map.svg","https://commons.wikimedia.org/wiki/File:Charagua_muni_locator_map.svg","M192032339","2026-05-15","uploaded"
"Colpa Bélgica","Santa Cruz","Colpa Bélgica","output/locator_maps/muni-maps-final/Colpa_Belgica_muni_locator_map.svg",2837.4,"070603","Q1108206","Colpa Bélgica","Colpa Bélgica muni locator map.svg","https://commons.wikimedia.org/wiki/File:Colpa_Bélgica_muni_locator_map.svg","M192032352","2026-05-15","uploaded"
"Comarapa","Santa Cruz","Comarapa","output/locator_maps/muni-maps-final/Comarapa_muni_locator_map.svg",2837.4,"071301","Q1108148","Comarapa","Comarapa muni locator map.svg","https://commons.wikimedia.org/wiki/File:Comarapa_muni_locator_map.svg","M192032397","2026-05-15","uploaded"
"Concepción","Santa Cruz","Concepción","output/locator_maps/muni-maps-final/Concepcion_muni_locator_map.svg",2837.4,"071101","Q285010","Concepción","Concepción muni locator map.svg","https://commons.wikimedia.org/wiki/File:Concepción_muni_locator_map.svg","M192032413","2026-05-15","uploaded"
"Cotoca","Santa Cruz","Cotoca","output/locator_maps/muni-maps-final/Cotoca_muni_locator_map.svg",2837.4,"070102","Q603654","Cotoca","Cotoca muni locator map.svg","https://commons.wikimedia.org/wiki/File:Cotoca_muni_locator_map.svg","M192032425","2026-05-15","uploaded"
"Cuatro Cañadas","Santa Cruz","Cuatro Cañadas","output/locator_maps/muni-maps-final/Cuatro_Canadas_muni_locator_map.svg",2837.4,"071106","Q1108252","Cuatro Cañadas","Cuatro Cañadas muni locator map.svg","https://commons.wikimedia.org/wiki/File:Cuatro_Cañadas_muni_locator_map.svg","M192032436","2026-05-15","uploaded"
"Cuevo","Santa Cruz","Cuevo","output/locator_maps/muni-maps-final/Cuevo_muni_locator_map.svg",2837.4,"070704","Q1107950","Cuevo","Cuevo muni locator map.svg","https://commons.wikimedia.org/wiki/File:Cuevo_muni_locator_map.svg","M192032448","2026-05-15","uploaded"
"El Carmen Rivero Tórrez","Santa Cruz","El Carmen Rivero Tórrez","output/locator_maps/muni-maps-final/El_Carmen_Rivero_Torrez_muni_locator_map.svg",2837.4,"071403","Q1108271","El Carmen Rivero Tórrez","El Carmen Rivero Tórrez muni locator map.svg","https://commons.wikimedia.org/wiki/File:El_Carmen_Rivero_Tórrez_muni_locator_map.svg","M192032460","2026-05-15","uploaded"
"El Puente","Santa Cruz","El Puente","output/locator_maps/muni-maps-final/El_Puente_(Santa_Cruz)_muni_locator_map.svg",2837.4,"071503","Q1108311","El Puente","El Puente (Santa Cruz) muni locator map.svg","https://commons.wikimedia.org/wiki/File:El_Puente_(Santa_Cruz)_muni_locator_map.svg","M192032473","2026-05-15","uploaded"
"El Torno","Santa Cruz","El Torno","output/locator_maps/muni-maps-final/El_Torno_muni_locator_map.svg",2837.4,"070105","Q1108171","El Torno","El Torno muni locator map.svg","https://commons.wikimedia.org/wiki/File:El_Torno_muni_locator_map.svg","M192032487","2026-05-15","uploaded"
"Fernández Alonso","Santa Cruz","Fernández Alonso","output/locator_maps/muni-maps-final/Fernandez_Alonso_muni_locator_map.svg",2837.4,"071004","Q371664","Fernández Alonso","Fernández Alonso muni locator map.svg","https://commons.wikimedia.org/wiki/File:Fernández_Alonso_muni_locator_map.svg","M192032509","2026-05-15","uploaded"
"General Saavedra","Santa Cruz","General Saavedra","output/locator_maps/muni-maps-final/General_Saavedra_muni_locator_map.svg",2837.4,"071002","Q993949","General Saavedra","General Saavedra muni locator map.svg","https://commons.wikimedia.org/wiki/File:General_Saavedra_muni_locator_map.svg","M192032521","2026-05-15","uploaded"
"Gutiérrez","Santa Cruz","Gutiérrez","output/locator_maps/muni-maps-final/Gutierrez_muni_locator_map.svg",2837.4,"070705","Q1108247","Gutiérrez","Gutiérrez muni locator map.svg","https://commons.wikimedia.org/wiki/File:Gutiérrez_muni_locator_map.svg","M192032533","2026-05-15","uploaded"
"La Guardia","Santa Cruz","La Guardia","output/locator_maps/muni-maps-final/La_Guardia_muni_locator_map.svg",2837.4,"070104","Q1107940","La Guardia","La Guardia muni locator map.svg","https://commons.wikimedia.org/wiki/File:La_Guardia_muni_locator_map.svg","M192032558","2026-05-15","uploaded"
"Lagunillas","Santa Cruz","Lagunillas","output/locator_maps/muni-maps-final/Lagunillas_muni_locator_map.svg",2837.4,"070701","Q1108235","Lagunillas","Lagunillas muni locator map.svg","https://commons.wikimedia.org/wiki/File:Lagunillas_muni_locator_map.svg","M192032576","2026-05-15","uploaded"
"Mairana","Santa Cruz","Mairana","output/locator_maps/muni-maps-final/Mairana_muni_locator_map.svg",2837.4,"070903","Q1108209","Mairana","Mairana muni locator map.svg","https://commons.wikimedia.org/wiki/File:Mairana_muni_locator_map.svg","M192032657","2026-05-15","uploaded"
"Mineros","Santa Cruz","Mineros","output/locator_maps/muni-maps-final/Mineros_muni_locator_map.svg",2837.4,"071003","Q1153550","Mineros","Mineros muni locator map.svg","https://commons.wikimedia.org/wiki/File:Mineros_muni_locator_map.svg","M192032669","2026-05-15","uploaded"
"Montero","Santa Cruz","Montero","output/locator_maps/muni-maps-final/Montero_muni_locator_map.svg",2837.4,"071001","Q1531921","Montero","Montero muni locator map.svg","https://commons.wikimedia.org/wiki/File:Montero_muni_locator_map.svg","M192032676","2026-05-15","uploaded"
"Moro Moro","Santa Cruz","Moro Moro","output/locator_maps/muni-maps-final/Moro_Moro_muni_locator_map.svg",2837.4,"070803","Q1107963","Moromoro","Moro Moro muni locator map.svg","https://commons.wikimedia.org/wiki/File:Moro_Moro_muni_locator_map.svg","M192032689","2026-05-15","uploaded"
"Okinawa Uno","Santa Cruz","Okinawa Uno","output/locator_maps/muni-maps-final/Okinawa_Uno_muni_locator_map.svg",2837.4,"070202","Q1108266","Okinawa Uno","Okinawa Uno muni locator map.svg","https://commons.wikimedia.org/wiki/File:Okinawa_Uno_muni_locator_map.svg","M192032700","2026-05-15","uploaded"
"Pailón","Santa Cruz","Pailón","output/locator_maps/muni-maps-final/Pailon_muni_locator_map.svg",2837.4,"070502","Q1108279","Pailón","Pailón muni locator map.svg","https://commons.wikimedia.org/wiki/File:Pailón_muni_locator_map.svg","M192032708","2026-05-15","uploaded"
"Pampagrande","Santa Cruz","Pampagrande","output/locator_maps/muni-maps-final/Pampagrande_muni_locator_map.svg",2837.4,"070902","Q1108240","Pampa Grande","Pampagrande muni locator map.svg","https://commons.wikimedia.org/wiki/File:Pampagrande_muni_locator_map.svg","M192032721","2026-05-15","uploaded"
"Porongo","Santa Cruz","Porongo","output/locator_maps/muni-maps-final/Porongo_muni_locator_map.svg",2837.4,"070103","Q1108169","Porongo","Porongo muni locator map.svg","https://commons.wikimedia.org/wiki/File:Porongo_muni_locator_map.svg","M192032735","2026-05-15","uploaded"
"Portachuelo","Santa Cruz","Portachuelo","output/locator_maps/muni-maps-final/Portachuelo_muni_locator_map.svg",2837.4,"070601","Q1476470","Portachuelo","Portachuelo muni locator map.svg","https://commons.wikimedia.org/wiki/File:Portachuelo_muni_locator_map.svg","M192032746","2026-05-15","uploaded"
"Postrervalle","Santa Cruz","Postrervalle","output/locator_maps/muni-maps-final/Postrervalle_muni_locator_map.svg",2837.4,"070804","Q918680","Postrervalle","Postrervalle muni locator map.svg","https://commons.wikimedia.org/wiki/File:Postrervalle_muni_locator_map.svg","M192032758","2026-05-15","uploaded"
"Pucará","Santa Cruz","Pucará","output/locator_maps/muni-maps-final/Pucara_muni_locator_map.svg",2837.4,"070805","Q1108166","Pucará","Pucará muni locator map.svg","https://commons.wikimedia.org/wiki/File:Pucará_muni_locator_map.svg","M192032769","2026-05-15","uploaded"
"Puerto Quijarro","Santa Cruz","Puerto Quijarro","output/locator_maps/muni-maps-final/Puerto_Quijarro_muni_locator_map.svg",2837.4,"071402","Q1108256","Puerto Quijarro","Puerto Quijarro muni locator map.svg","https://commons.wikimedia.org/wiki/File:Puerto_Quijarro_muni_locator_map.svg","M192032785","2026-05-15","uploaded"
"Puerto Suárez","Santa Cruz","Puerto Suárez","output/locator_maps/muni-maps-final/Puerto_Suarez_muni_locator_map.svg",2837.4,"071401","Q1108295","Puerto Suarez","Puerto Suárez muni locator map.svg","https://commons.wikimedia.org/wiki/File:Puerto_Suárez_muni_locator_map.svg","M192032804","2026-05-15","uploaded"
"Quirusillas","Santa Cruz","Quirusillas","output/locator_maps/muni-maps-final/Quirusillas_muni_locator_map.svg",2837.4,"070904","Q1108303","Quirusillas","Quirusillas muni locator map.svg","https://commons.wikimedia.org/wiki/File:Quirusillas_muni_locator_map.svg","M192032822","2026-05-15","uploaded"
"Roboré","Santa Cruz","Roboré","output/locator_maps/muni-maps-final/Robore_muni_locator_map.svg",2837.4,"070503","Q1108292","Roboré","Roboré muni locator map.svg","https://commons.wikimedia.org/wiki/File:Roboré_muni_locator_map.svg","M192032839","2026-05-15","uploaded"
"Saipina","Santa Cruz","Saipina","output/locator_maps/muni-maps-final/Saipina_muni_locator_map.svg",2837.4,"071302","Q1108162","Saipina","Saipina muni locator map.svg","https://commons.wikimedia.org/wiki/File:Saipina_muni_locator_map.svg","M192032860","2026-05-15","uploaded"
"Samaipata","Santa Cruz","Samaipata","output/locator_maps/muni-maps-final/Samaipata_muni_locator_map.svg",2837.4,"070901","Q1108155","Samaipata","Samaipata muni locator map.svg","https://commons.wikimedia.org/wiki/File:Samaipata_muni_locator_map.svg","M192032950","2026-05-15","uploaded"
"San Antonio de Lomerío","Santa Cruz","San Antonio de Lomerío","output/locator_maps/muni-maps-final/San_Antonio_de_Lomerio_muni_locator_map.svg",2837.4,"071105","Q1108298","San Antonio de Lomerio","San Antonio de Lomerío muni locator map.svg","https://commons.wikimedia.org/wiki/File:San_Antonio_de_Lomerío_muni_locator_map.svg","M192032959","2026-05-15","uploaded"
"San Carlos","Santa Cruz","San Carlos","output/locator_maps/muni-maps-final/San_Carlos_muni_locator_map.svg",2837.4,"070402","Q507108","San Carlos","San Carlos muni locator map.svg","https://commons.wikimedia.org/wiki/File:San_Carlos_muni_locator_map.svg","M192032967","2026-05-15","uploaded"
"San Ignacio de Velasco","Santa Cruz","San Ignacio de Velasco","output/locator_maps/muni-maps-final/San_Ignacio_de_Velasco_muni_locator_map.svg",2837.4,"070301","Q916322","San Ignacio","San Ignacio de Velasco muni locator map.svg","https://commons.wikimedia.org/wiki/File:San_Ignacio_de_Velasco_muni_locator_map.svg","M192032974","2026-05-15","uploaded"
"San Javier","Santa Cruz","San Javier","output/locator_maps/muni-maps-final/San_Javier_(Santa_Cruz)_muni_locator_map.svg",2837.4,"071102","Q1531880","San Javier","San Javier (Santa Cruz) muni locator map.svg","https://commons.wikimedia.org/wiki/File:San_Javier_(Santa_Cruz)_muni_locator_map.svg","M192032989","2026-05-15","uploaded"
"San José de Chiquitos","Santa Cruz","San José de Chiquitos","output/locator_maps/muni-maps-final/San_Jose_de_Chiquitos_muni_locator_map.svg",2837.4,"070501","Q1108177","San José","San José de Chiquitos muni locator map.svg","https://commons.wikimedia.org/wiki/File:San_José_de_Chiquitos_muni_locator_map.svg","M192032997","2026-05-15","uploaded"
"San Juan de Yapacaní","Santa Cruz","San Juan de Yapacaní","output/locator_maps/muni-maps-final/San_Juan_de_Yapacani_muni_locator_map.svg",2837.4,"070404","Q1108226","San Juan","San Juan de Yapacaní muni locator map.svg","https://commons.wikimedia.org/wiki/File:San_Juan_de_Yapacaní_muni_locator_map.svg","M192033006","2026-05-15","uploaded"
"San Julián","Santa Cruz","San Julián","output/locator_maps/muni-maps-final/San_Julian_muni_locator_map.svg",2837.4,"071104","Q204307","San Julián","San Julián muni locator map.svg","https://commons.wikimedia.org/wiki/File:San_Julián_muni_locator_map.svg","M192033014","2026-05-15","uploaded"
"San Matías","Santa Cruz","San Matías","output/locator_maps/muni-maps-final/San_Matias_muni_locator_map.svg",2837.4,"071201","Q1107968","San Matías","San Matías muni locator map.svg","https://commons.wikimedia.org/wiki/File:San_Matías_muni_locator_map.svg","M192033019","2026-05-15","uploaded"
"San Miguel de Velasco","Santa Cruz","San Miguel de Velasco","output/locator_maps/muni-maps-final/San_Miguel_de_Velasco_muni_locator_map.svg",2837.4,"070302","Q1486932","San Miguel","San Miguel de Velasco muni locator map.svg","https://commons.wikimedia.org/wiki/File:San_Miguel_de_Velasco_muni_locator_map.svg","M192033029","2026-05-15","uploaded"
"San Pedro","Santa Cruz","San Pedro","output/locator_maps/muni-maps-final/San_Pedro_(Santa_Cruz)_muni_locator_map.svg",2837.4,"071005","Q668846","San Pedro","San Pedro (Santa Cruz) muni locator map.svg","https://commons.wikimedia.org/wiki/File:San_Pedro_(Santa_Cruz)_muni_locator_map.svg","M192033043","2026-05-15","uploaded"
"San Rafael de Velasco","Santa Cruz","San Rafael de Velasco","output/locator_maps/muni-maps-final/San_Rafael_de_Velasco_muni_locator_map.svg",2837.4,"070303","Q1108286","San Rafael","San Rafael de Velasco muni locator map.svg","https://commons.wikimedia.org/wiki/File:San_Rafael_de_Velasco_muni_locator_map.svg","M192033062","2026-05-15","uploaded"
"San Ramón","Santa Cruz","San Ramón","output/locator_maps/muni-maps-final/San_Ramon_(Santa_Cruz)_muni_locator_map.svg",2837.4,"071103","Q1108183","San Ramón","San Ramón (Santa Cruz) muni locator map.svg","https://commons.wikimedia.org/wiki/File:San_Ramón_(Santa_Cruz)_muni_locator_map.svg","M192033070","2026-05-15","uploaded"
"Santa Cruz de la Sierra","Santa Cruz","Santa Cruz de la Sierra","output/locator_maps/muni-maps-final/Santa_Cruz_de_la_Sierra_muni_locator_map.svg",2837.4,"070101","Q1107974","Santa Cruz de la Sierra","Santa Cruz de la Sierra muni locator map.svg","https://commons.wikimedia.org/wiki/File:Santa_Cruz_de_la_Sierra_muni_locator_map.svg","M192033083","2026-05-15","uploaded"
"Santa Rosa del Sara","Santa Cruz","Santa Rosa del Sara","output/locator_maps/muni-maps-final/Santa_Rosa_del_Sara_muni_locator_map.svg",2837.4,"070602","Q1108258","Santa Rosa","Santa Rosa del Sara muni locator map.svg","https://commons.wikimedia.org/wiki/File:Santa_Rosa_del_Sara_muni_locator_map.svg","M192033095","2026-05-15","uploaded"
"El Trigal","Santa Cruz","El Trigal","output/locator_maps/muni-maps-final/El_Trigal_muni_locator_map.svg",2837.4,"070802","Q542442","Trigal","El Trigal muni locator map.svg","https://commons.wikimedia.org/wiki/File:El_Trigal_muni_locator_map.svg","M192033110","2026-05-15","uploaded"
"Urubichá","Santa Cruz","Urubichá","output/locator_maps/muni-maps-final/Urubicha_muni_locator_map.svg",2837.4,"071502","Q1108192","Urubicha","Urubichá muni locator map.svg","https://commons.wikimedia.org/wiki/File:Urubichá_muni_locator_map.svg","M192033128","2026-05-15","uploaded"
"Vallegrande","Santa Cruz","Vallegrande","output/locator_maps/muni-maps-final/Vallegrande_muni_locator_map.svg",2837.4,"070801","Q690492","Vallegrande","Vallegrande muni locator map.svg","https://commons.wikimedia.org/wiki/File:Vallegrande_muni_locator_map.svg","M192033138","2026-05-15","uploaded"
"Warnes","Santa Cruz","Warnes","output/locator_maps/muni-maps-final/Warnes_muni_locator_map.svg",2837.4,"070201","Q1953261","Warnes","Warnes muni locator map.svg","https://commons.wikimedia.org/wiki/File:Warnes_muni_locator_map.svg","M192033145","2026-05-15","uploaded"
"Villa Yapacaní","Santa Cruz","Villa Yapacaní","output/locator_maps/muni-maps-final/Villa_Yapacani_muni_locator_map.svg",2837.4,"070403","Q1108189","Yapacaní","Villa Yapacaní muni locator map.svg","https://commons.wikimedia.org/wiki/File:Villa_Yapacaní_muni_locator_map.svg","M192033155","2026-05-15","uploaded"
"Bermejo","Tarija","Bermejo","output/locator_maps/muni-maps-final/Bermejo_muni_locator_map.svg",2837.4,"060202","Q328294","Bermejo","Bermejo muni locator map.svg","https://commons.wikimedia.org/wiki/File:Bermejo_muni_locator_map.svg","M192033169","2026-05-15","uploaded"
"Caraparí","Tarija","Caraparí","output/locator_maps/muni-maps-final/Carapari_muni_locator_map.svg",2837.4,"060302","Q328289","Caraparí","Caraparí muni locator map.svg","https://commons.wikimedia.org/wiki/File:Caraparí_muni_locator_map.svg","M192033180","2026-05-15","uploaded"
"El Puente","Tarija","El Puente","output/locator_maps/muni-maps-final/El_Puente_(Tarija)_muni_locator_map.svg",2837.4,"060502","Q277520","El Puente","El Puente (Tarija) muni locator map.svg","https://commons.wikimedia.org/wiki/File:El_Puente_(Tarija)_muni_locator_map.svg","M192033188","2026-05-15","uploaded"
"Entre Ríos","Tarija","Entre Ríos","output/locator_maps/muni-maps-final/Entre_Rios_(Tarija)_muni_locator_map.svg",2837.4,"060601","Q15121209","Entre Ríos","Entre Ríos (Tarija) muni locator map.svg","https://commons.wikimedia.org/wiki/File:Entre_Ríos_(Tarija)_muni_locator_map.svg","M192033211","2026-05-15","uploaded"
"Padcaya","Tarija","Padcaya","output/locator_maps/muni-maps-final/Padcaya_muni_locator_map.svg",2837.4,"060201","Q328276","Padcaya","Padcaya muni locator map.svg","https://commons.wikimedia.org/wiki/File:Padcaya_muni_locator_map.svg","M192033220","2026-05-15","uploaded"
"San Lorenzo","Tarija","San Lorenzo","output/locator_maps/muni-maps-final/San_Lorenzo_(Tarija)_muni_locator_map.svg",2837.4,"060501","Q328285","San Lorenzo","San Lorenzo (Tarija) muni locator map.svg","https://commons.wikimedia.org/wiki/File:San_Lorenzo_(Tarija)_muni_locator_map.svg","M192033233","2026-05-15","uploaded"
"Tarija","Tarija","Tarija","output/locator_maps/muni-maps-final/Tarija_muni_locator_map.svg",2837.4,"060101","Q1953215","Tarija","Tarija muni locator map.svg","https://commons.wikimedia.org/wiki/File:Tarija_muni_locator_map.svg","M192033247","2026-05-15","uploaded"
"Uriondo","Tarija","Uriondo","output/locator_maps/muni-maps-final/Uriondo_muni_locator_map.svg",2837.4,"060401","Q328281","Uriondo","Uriondo muni locator map.svg","https://commons.wikimedia.org/wiki/File:Uriondo_muni_locator_map.svg","M192033256","2026-05-15","uploaded"
"Villa Montes","Tarija","Villa Montes","output/locator_maps/muni-maps-final/Villa_Montes_muni_locator_map.svg",2837.4,"060303","Q328298","Villa Montes","Villa Montes muni locator map.svg","https://commons.wikimedia.org/wiki/File:Villa_Montes_muni_locator_map.svg","M192033280","2026-05-15","uploaded"
"Yacuiba","Tarija","Yacuiba","output/locator_maps/muni-maps-final/Yacuiba_muni_locator_map.svg",2837.4,"060301","Q328303","Yacuiba","Yacuiba muni locator map.svg","https://commons.wikimedia.org/wiki/File:Yacuiba_muni_locator_map.svg","M192033294","2026-05-15","uploaded"
"Yunchará","Tarija","Yunchará","output/locator_maps/muni-maps-final/Yunchara_muni_locator_map.svg",2837.4,"060402","Q328307","Yunchará","Yunchará muni locator map.svg","https://commons.wikimedia.org/wiki/File:Yunchará_muni_locator_map.svg","M192033311","2026-05-15","uploaded"
