NOMBRE|CARGO|OPCION O SIGLA|CODIGO GEOGRAFIA|CANDIDATO O GANADORBONNY ALBERTO TITO CARI|ALCALDE (SA)|undefined|undefined|ELECTO
IGNACIO   CHARACAYO   ARIAS |ALCALDE (SA)|undefined|undefined|ELECTO
LUIS ALBERTO ALIPAZ ASCUI|ALCALDE (SA)|undefined|undefined|ELECTO
CRUZ OCTAVIO ARUQUIPA YANA|ALCALDE (SA)|undefined|undefined|ELECTO
JULIAN SASA QUISPE|ALCALDE (SA)|undefined|undefined|ELECTO
BRAULIO GARNICA MAMANI|ALCALDE (SA)|undefined|undefined|ELECTO
LUIS PALLI TICONA|ALCALDE (SA)|undefined|undefined|ELECTO
DAVIO RAMIREZ CHOCATA|ALCALDE (SA)|undefined|undefined|ELECTO
GONZALO ALFONSO HURTADO TORO|ALCALDE (SA)|undefined|undefined|ELECTO
SIMAR MARQUEZ SERRANO|ALCALDE (SA)|undefined|undefined|ELECTO
ROLY ROLANDO OÑO AÑEZ|ALCALDE (SA)|undefined|undefined|ELECTO
ANGEL FREDDY MAIMURA REINA|ALCALDE (SA)|undefined|undefined|ELECTO
ESTELA RODRIGUEZ SILES|ALCALDE (SA)|undefined|undefined|ELECTO
ARIEL GALARZA SILVA|ALCALDE (SA)|undefined|undefined|ELECTO
CIMAR RAMIRO RODRIGUEZ NARVAEZ|ALCALDE (SA)|undefined|undefined|ELECTO
BERNARDO   MAMANI   CHOQUE |ALCALDE (SA)|undefined|undefined|ELECTO
WILSON QUIÑONES UGARTE|ALCALDE (SA)|undefined|undefined|ELECTO
PEDRO DAMIAN DORADO LOPEZ|ALCALDE (SA)|undefined|undefined|ELECTO
ALAN    GALVEZ|ALCALDE (SA)|undefined|undefined|ELECTO
DARWIN    VERA |ALCALDE (SA)|undefined|undefined|ELECTO
ERMAS PEREZ VILLALBA|ALCALDE (SA)|undefined|undefined|ELECTO
EDGAR VILLCA CAYO|ALCALDE (SA)|undefined|undefined|ELECTO
AGUSTIN CASAZOLA FERNANDEZ|ALCALDE (SA)|undefined|undefined|ELECTO
ADALID JORGE AGUILAR|ALCALDE (SA)|undefined|undefined|ELECTO
DANIEL AÑEZ CARBALLO|ALCALDE (SA)|undefined|undefined|ELECTO
IRINEO FLORES MARTINEZ|ALCALDE (SA)|undefined|undefined|ELECTO
WILLAMS JOEL GUERRERO QUIROGA|ALCALDE (SA)|undefined|undefined|ELECTO
IDBERTO MAMANI CACHI|ALCALDE (SA)|undefined|undefined|ELECTO
RUBEN WALTER VACA SALAZAR|ALCALDE (SA)|undefined|undefined|ELECTO
SARA ARMELLA RUEDA|ALCALDE (SA)|undefined|undefined|ELECTO
CARLOS EDUARDO BRU CAVERO|ALCALDE (SA)|undefined|undefined|ELECTO
FELIX LAIME YANAGUAYA|ALCALDE (SA)|undefined|undefined|ELECTO
TEODORO QUISPE SARAVIA|ALCALDE (SA)|undefined|undefined|ELECTO
MARCELO FLORES CUMARA|ALCALDE (SA)|undefined|undefined|ELECTO
RAMIRO JULIO PILCO ESCOBAR|ALCALDE (SA)|undefined|undefined|ELECTO
MARIO PACHECO MAMANI|ALCALDE (SA)|undefined|undefined|ELECTO
PEDRO DELGADO ARO|ALCALDE (SA)|undefined|undefined|ELECTO
BELTRAN MARQUEZ SANDOVAL|ALCALDE (SA)|undefined|undefined|ELECTO
EUSTAQUIO HUIZA TAPIA|ALCALDE (SA)|undefined|undefined|ELECTO
JUSTO SULLCA TORO|ALCALDE (SA)|undefined|undefined|ELECTO
SANTIAGO WALTER RUEDA APAZA|ALCALDE (SA)|undefined|undefined|ELECTO
JOSE ANGEL PEREZ CARDENAS|ALCALDE (SA)|undefined|undefined|ELECTO
JUAN CARLOS GUZMAN MAMANI|ALCALDE (SA)|undefined|undefined|ELECTO
AGAPITO CABEZAS TARQUI|ALCALDE (SA)|undefined|undefined|ELECTO
JHONNY CONDORI GARNICA|ALCALDE (SA)|undefined|undefined|ELECTO
VICTOR TICONA YUJRA|ALCALDE (SA)|undefined|undefined|ELECTO
ALFREDO TEODORO APAZA QUISBERT|ALCALDE (SA)|undefined|undefined|ELECTO
CELESTINO MAMANI CONDORI|ALCALDE (SA)|undefined|undefined|ELECTO
EUSTAQUIO HUAYTA POMA|ALCALDE (SA)|undefined|undefined|ELECTO
VICTOR QUISPE |ALCALDE (SA)|undefined|undefined|ELECTO
NEUSA COCA GONZALES|ALCALDE (SA)|undefined|undefined|ELECTO
IVAN NILO MAMANI ORELLANA|ALCALDE (SA)|undefined|undefined|ELECTO
MARIO CACERES CALLE|ALCALDE (SA)|undefined|undefined|ELECTO
ROMER ELVIS RAMIREZ QUISBERT|ALCALDE (SA)|undefined|undefined|ELECTO
RUBEN MAMANI APAZA|ALCALDE (SA)|undefined|undefined|ELECTO
LUCIANA CONDORI CONDORI|ALCALDE (SA)|undefined|undefined|ELECTO
ALBERTO LUCANA SIÑANI|ALCALDE (SA)|undefined|undefined|ELECTO
MARIO GONZALO QUISPE CHAMBILLA|ALCALDE (SA)|undefined|undefined|ELECTO
FLORENTINO QUISPE LARICO|ALCALDE (SA)|undefined|undefined|ELECTO
MANUEL LUCIO CONDORI QUISPE|ALCALDE (SA)|undefined|undefined|ELECTO
ENRRIQUE DE LA CRUZ MENDOZA|ALCALDE (SA)|undefined|undefined|ELECTO
DAVID LUNA MAMANI|ALCALDE (SA)|undefined|undefined|ELECTO
JULIO SALINAS BALLIVIAN|ALCALDE (SA)|undefined|undefined|ELECTO
ELIZABETH MAMANI YUJRA|ALCALDE (SA)|undefined|undefined|ELECTO
ANDRES CANAZA MITA|ALCALDE (SA)|undefined|undefined|ELECTO
FIDEL HUANCA FLORES|ALCALDE (SA)|undefined|undefined|ELECTO
WILSON MAMANI ALI|ALCALDE (SA)|undefined|undefined|ELECTO
TIMOTEO GUTIERREZ HUAÑAPACO|ALCALDE (SA)|undefined|undefined|ELECTO
ABRAHAM PATTY MALDONADO|ALCALDE (SA)|undefined|undefined|ELECTO
ROLANDO SIRPA FERNANDEZ|ALCALDE (SA)|undefined|undefined|ELECTO
RONALD HUANCA TITO|ALCALDE (SA)|undefined|undefined|ELECTO
DOMINGO GUZMAN BUITRE MUJICA|ALCALDE (SA)|undefined|undefined|ELECTO
FIDEL RAMOS CONDORI|ALCALDE (SA)|undefined|undefined|ELECTO
NESTOR JUSTINIANO ROJAS SALLUCO|ALCALDE (SA)|undefined|undefined|ELECTO
RAMIRO NAVIA AVENDAÑO|ALCALDE (SA)|undefined|undefined|ELECTO
BERNARDO MAMANI LEVA|ALCALDE (SA)|undefined|undefined|ELECTO
BENJAMIN CHUQUIMIA NINA|ALCALDE (SA)|undefined|undefined|ELECTO
BERMAN ARANCIBIA HUACANCHI|ALCALDE (SA)|undefined|undefined|ELECTO
VICTOR GUILLERMO FERNANDEZ SALINAS|ALCALDE (SA)|undefined|undefined|ELECTO
GABRIEL   RIVA   CARRILLO|ALCALDE (SA)|undefined|undefined|ELECTO
RENE  ORTUÑO  MAMANI |ALCALDE (SA)|undefined|undefined|ELECTO
SABINO RAMIREZ FERNANDEZ|ALCALDE (SA)|undefined|undefined|ELECTO
CARMEN ERIS LIMA LOBO DORADO|ALCALDE (SA)|undefined|undefined|ELECTO
SAUL   RODRIGUEZ CAMACHO  CAMACHO|ALCALDE (SA)|undefined|undefined|ELECTO
ARIEL   VARGAS   REVOLLO|ALCALDE (SA)|undefined|undefined|ELECTO
RICARDO   TORRICO  ZAMBRANA|ALCALDE (SA)|undefined|undefined|ELECTO
IVAN RODRIGUEZ MAMANI|ALCALDE (SA)|undefined|undefined|ELECTO
MARCOS LORENZO CANAVIRI QUISPE|ALCALDE (SA)|undefined|undefined|ELECTO
SANDRO VALENTIN FLORES ATORA|ALCALDE (SA)|undefined|undefined|ELECTO
GROVER MARIANO CHOQUE CALLE|ALCALDE (SA)|undefined|undefined|ELECTO
JONAS BENIGNO MOLLO VIZA|ALCALDE (SA)|undefined|undefined|ELECTO
MOISES  MACUAPA  RODRIGUEZ|ALCALDE (SA)|undefined|undefined|ELECTO
DANIEL  LLANOS|ALCALDE (SA)|undefined|undefined|ELECTO
MARTIN QUISPE MAMANI|ALCALDE (SA)|undefined|undefined|ELECTO
ERNESTO QUISPE MAMANI|ALCALDE (SA)|undefined|undefined|ELECTO
DAVID  CHURA GARCIA |ALCALDE (SA)|undefined|undefined|ELECTO
HEDIBERTO CUELLAR CUVA|ALCALDE (SA)|undefined|undefined|ELECTO
EFRAIN GARRADO LLENES|ALCALDE (SA)|undefined|undefined|ELECTO
HUGO GUTIERREZ VIQUE|ALCALDE (SA)|undefined|undefined|ELECTO
ISMAEL   RIOS  CASTRO |ALCALDE (SA)|undefined|undefined|ELECTO
PLACIDO CHOQUE MAMANI|ALCALDE (SA)|undefined|undefined|ELECTO
ROBERTO EDUARDO AYLLON CASTEDO|ALCALDE (SA)|undefined|undefined|ELECTO
YASCARA  MORENO FLORES|ALCALDE (SA)|undefined|undefined|ELECTO
EBER RUDY VASQUEZ MAMANI|ALCALDE (SA)|undefined|undefined|ELECTO
VLADIMIR HUALLPA URURI|ALCALDE (SA)|undefined|undefined|ELECTO
RENE MIXTO APAZA|ALCALDE (SA)|undefined|undefined|ELECTO
FRANZ EDUARDO VILLCA LOVERA|ALCALDE (SA)|undefined|undefined|ELECTO
ROBERTO ALELUYA ZAMBRANA|ALCALDE (SA)|undefined|undefined|ELECTO
RENE LUIS TICONA MAMANI|ALCALDE (SA)|undefined|undefined|ELECTO
ASUNCION  RAMOS|ALCALDE (SA)|undefined|undefined|ELECTO
ANGEL  CALDERON|ALCALDE (SA)|undefined|undefined|ELECTO
BLADIMIR TUMIRI COCHA|ALCALDE (SA)|undefined|undefined|ELECTO
MAURO ALFEO CONDORIQ JUCHASARA|ALCALDE (SA)|undefined|undefined|ELECTO
TITO MENDO MAMANI|ALCALDE (SA)|undefined|undefined|ELECTO
VALERIO CHOQUE MACHACA|ALCALDE (SA)|undefined|undefined|ELECTO
VICTOR MAMANI MAMANI|ALCALDE (SA)|undefined|undefined|ELECTO
FLAVIO EUDALDO MERLO MAYDANA|ALCALDE (SA)|undefined|undefined|ELECTO
EDWIN CALLIZAYA QUISPE|ALCALDE (SA)|undefined|undefined|ELECTO
EDWIN VALDA ABALO|ALCALDE (SA)|undefined|undefined|ELECTO
EDWIN HILARI CONDORI|ALCALDE (SA)|undefined|undefined|ELECTO
NAPOLEON FELIX YAHUASI MAMANI|ALCALDE (SA)|undefined|undefined|ELECTO
GRISELDO MARTINEZ CRUZ|ALCALDE (SA)|undefined|undefined|ELECTO
WALTER CERVANTES SANAMARE|ALCALDE (SA)|undefined|undefined|ELECTO
FLORENCIO ORTEGA DURAN|ALCALDE (SA)|undefined|undefined|ELECTO
ANDRES FLORES SERRUDO|ALCALDE (SA)|undefined|undefined|ELECTO
EFRAIN PUMA VILLCA|ALCALDE (SA)|undefined|undefined|ELECTO
JUAN MARTINEZ SORUCO|ALCALDE (SA)|undefined|undefined|ELECTO
FELIPE MAMANI VILLCA|ALCALDE (SA)|undefined|undefined|ELECTO
ENRIQUE LEAÑO PALENQUE|ALCALDE (SA)|undefined|undefined|ELECTO
SABINO ALBARRACIN ZARATE|ALCALDE (SA)|undefined|undefined|ELECTO
ARMANDO TITO CRUZ CHOQUE|ALCALDE (SA)|undefined|undefined|ELECTO
VICTOR GALLARDO RIVERA|ALCALDE (SA)|undefined|undefined|ELECTO
MARCIAL CRUZ LEON|ALCALDE (SA)|undefined|undefined|ELECTO
MARCOS TELLES TORRES|ALCALDE (SA)|undefined|undefined|ELECTO
JAIME ROQUE CASTRO|ALCALDE (SA)|undefined|undefined|ELECTO
ALEJANDRO CABEZAS YUCRA|ALCALDE (SA)|undefined|undefined|ELECTO
EDWIN  COCA   GUARACHI|ALCALDE (SA)|undefined|undefined|ELECTO
JOSE CARDOZO MAMANI|ALCALDE (SA)|undefined|undefined|ELECTO
EDWIN   ROJAS   RIOJA|ALCALDE (SA)|undefined|undefined|ELECTO
WILY   ORDOÑEZ CAICOVA  CAICOVA |ALCALDE (SA)|undefined|undefined|ELECTO
VICTOR  TOLA   RAMOS |ALCALDE (SA)|undefined|undefined|ELECTO
PEDRO   QUIROZ   CORIA|ALCALDE (SA)|undefined|undefined|ELECTO
RAMIRO  MAMANI  ESCALERA |ALCALDE (SA)|undefined|undefined|ELECTO
CRESENCIO BARRIGA SANTILLAN|ALCALDE (SA)|undefined|undefined|ELECTO
NANCY  COLQUE  MAMANI |ALCALDE (SA)|undefined|undefined|ELECTO
MARCIAL   ENCINAS   MEDRANO |ALCALDE (SA)|undefined|undefined|ELECTO
JUVENAL   COLQUE  VALENCIA |ALCALDE (SA)|undefined|undefined|ELECTO
MARIO   ROJAS   GONZALES |ALCALDE (SA)|undefined|undefined|ELECTO
CESAR  CORIA   CASTELLON |ALCALDE (SA)|undefined|undefined|ELECTO
LIMBER COSSIO ARNEZ LIMBER COSSIO ARNEZ LIMBER COSSIO ARNEZ|ALCALDE (SA)|undefined|undefined|ELECTO
JHONY  CUCHALLO  ORELLANA|ALCALDE (SA)|undefined|undefined|ELECTO
MELQUIADES   CLAURE   GONZALES|ALCALDE (SA)|undefined|undefined|ELECTO
ELMER   ROJAS   MERCADO |ALCALDE (SA)|undefined|undefined|ELECTO
FELIX  VEIZAGA  ZURITA|ALCALDE (SA)|undefined|undefined|ELECTO
PEDRO   GUTIERREZ   VIDAURRE|ALCALDE (SA)|undefined|undefined|ELECTO
SEGUNDINA   ORELLANA   PANIAGUA|ALCALDE (SA)|undefined|undefined|ELECTO
EMELIANO  PEREZ   CABEZAS|ALCALDE (SA)|undefined|undefined|ELECTO
CRISPIN   CHIRI I BERNA|ALCALDE (SA)|undefined|undefined|ELECTO
JOSE LUIS  ROQUE  RODRIGUEZ|ALCALDE (SA)|undefined|undefined|ELECTO
DANIEL FERNANDO   VALLEJO   VARGAS |ALCALDE (SA)|undefined|undefined|ELECTO
FERNANDO   ALVAREZ   CASTRO|ALCALDE (SA)|undefined|undefined|ELECTO
JUAN   SILES   POZO|ALCALDE (SA)|undefined|undefined|ELECTO
JAIME ESTEBAN   ZEBALLOS  VARGAS|ALCALDE (SA)|undefined|undefined|ELECTO
JOSE JHAMIL   RODRIGUEZ   CLAROS|ALCALDE (SA)|undefined|undefined|ELECTO
FELIX MARIO  GALARZA   ALA|ALCALDE (SA)|undefined|undefined|ELECTO
JUAN   PAHUASI   ARGOTE|ALCALDE (SA)|undefined|undefined|ELECTO
ALFREDO  LUCANA  RAMOS|ALCALDE (SA)|undefined|undefined|ELECTO
LUIS   ARCE   CLEMENTE |ALCALDE (SA)|undefined|undefined|ELECTO
ADOLFO  MERIDA   DURAN |ALCALDE (SA)|undefined|undefined|ELECTO
MARCOS CHOQUETICLLA TITO|ALCALDE (SA)|undefined|undefined|ELECTO
MILTON HUAYLLAS RAMOS|ALCALDE (SA)|undefined|undefined|ELECTO
JUSTO VENTURA GUARAYO|ALCALDE (SA)|undefined|undefined|ELECTO
CASTO CHIRILLA CHAMBI|ALCALDE (SA)|undefined|undefined|ELECTO
ADHEMAR WILCARANI MORALES|ALCALDE (SA)|undefined|undefined|ELECTO
FLORENCIO CONDO CARI|ALCALDE (SA)|undefined|undefined|ELECTO
SANTOS SAUL FLORES COPA|ALCALDE (SA)|undefined|undefined|ELECTO
KENNEDY CONDORI FLORES|ALCALDE (SA)|undefined|undefined|ELECTO
ROGELIO VALLEJOS MAMANI|ALCALDE (SA)|undefined|undefined|ELECTO
CELESTINO FERNANDO VIZA VIZA|ALCALDE (SA)|undefined|undefined|ELECTO
FANOR WALTER CAPUMA CONDORI|ALCALDE (SA)|undefined|undefined|ELECTO
MARCOS MIRANDA MAMANI|ALCALDE (SA)|undefined|undefined|ELECTO
AUGUSTO CONDORI GOMEZ|ALCALDE (SA)|undefined|undefined|ELECTO
MARTIN SABINO QUISPE ALARCON|ALCALDE (SA)|undefined|undefined|ELECTO
MARIA ESTELA AYMA PACO|ALCALDE (SA)|undefined|undefined|ELECTO
FERNANDO APOLINAR SOLA CHOQUE|ALCALDE (SA)|undefined|undefined|ELECTO
CARLOS JOHNNI VARGAS HURTADO|ALCALDE (SA)|undefined|undefined|ELECTO
FLORIAN CONDORI CHOQUE|ALCALDE (SA)|undefined|undefined|ELECTO
OSCAR ANAGUA QUISPE|ALCALDE (SA)|undefined|undefined|ELECTO
JULIO FREDDY CUBA RAMIREZ|ALCALDE (SA)|undefined|undefined|ELECTO
EDUARDO FLORES  QUETEGUARI|ALCALDE (SA)|undefined|undefined|ELECTO
PEDRO FLORES  CRUZ|ALCALDE (SA)|undefined|undefined|ELECTO
GARY VERNER  VON BOECK GOMEZ|ALCALDE (SA)|undefined|undefined|ELECTO
PAULINA PEREZ TOLA|ALCALDE (SA)|undefined|undefined|ELECTO
EPIFANIO TARAÑO CUISARA|ALCALDE (SA)|undefined|undefined|ELECTO
ELISEO JUCHATOMA ESPINOZA|ALCALDE (SA)|undefined|undefined|ELECTO
HERNAN JESUS COLQUE MENDOZA|ALCALDE (SA)|undefined|undefined|ELECTO
RUBEN ZENOBIO LEON FLORES|ALCALDE (SA)|undefined|undefined|ELECTO
MARCELINO FLORES CHOQUE|ALCALDE (SA)|undefined|undefined|ELECTO
AGUSTIN IRASABAL CAISENA|ALCALDE (SA)|undefined|undefined|ELECTO
JULIO ARTURO CABA QUICHO|ALCALDE (SA)|undefined|undefined|ELECTO
GABRIELA  JIMENEZ  VACA|ALCALDE (SA)|undefined|undefined|ELECTO
EUSEBIO LOPEZ MARTINEZ|ALCALDE (SA)|undefined|undefined|ELECTO
JAIME  AGUIRRE DAN|ALCALDE (SA)|undefined|undefined|ELECTO
JUVENAL CHOQUE RAMIREZ|ALCALDE (SA)|undefined|undefined|ELECTO
WALTER MAMANI SANCHEZ|ALCALDE (SA)|undefined|undefined|ELECTO
ABNER  BELTRAN  FERNANDEZ|ALCALDE (SA)|undefined|undefined|ELECTO
ALBERTO GALLARDO MARTINEZ|ALCALDE (SA)|undefined|undefined|ELECTO
MARCO ANTONIO MAMANI QUISPE|ALCALDE (SA)|undefined|undefined|ELECTO
PROOFEL HUAYLLA ARTEAGA|ALCALDE (SA)|undefined|undefined|ELECTO
SIMON MAMANI CHOQUE|ALCALDE (SA)|undefined|undefined|ELECTO
SILVERIO DONAIRE OJEDA|ALCALDE (SA)|undefined|undefined|ELECTO
HUBER ORLANDO QUISPE VELIZ|ALCALDE (SA)|undefined|undefined|ELECTO
JUAQUIN MILTON CHIRI YANQUI|ALCALDE (SA)|undefined|undefined|ELECTO
JESUS REYNALDO GUZMAN ORTEGA|ALCALDE (SA)|undefined|undefined|ELECTO
MARTIN MAMANI ZOTAR|ALCALDE (SA)|undefined|undefined|ELECTO
CLEMENCIO CHINAHUANCA HUANCA|ALCALDE (SA)|undefined|undefined|ELECTO
ROBERTO SANCHEZ MORALES|ALCALDE (SA)|undefined|undefined|ELECTO
CESAR ALI LUPA|ALCALDE (SA)|undefined|undefined|ELECTO
CASTO ALFONSIN CONDORI QUISPE|ALCALDE (SA)|undefined|undefined|ELECTO
JUAN NAVIA LLANOS|ALCALDE (SA)|undefined|undefined|ELECTO
RONALD JUVENCIO CALCINA CRUZ|ALCALDE (SA)|undefined|undefined|ELECTO
ALEJANDRIA VACAFLOR FLORES|ALCALDE (SA)|undefined|undefined|ELECTO
OMAR ROSALES GARZON|ALCALDE (SA)|undefined|undefined|ELECTO
ANA MENDOZA AGUILERA|ALCALDE (SA)|undefined|undefined|ELECTO
JOEL ONTIVEROS ROJAS|ALCALDE (SA)|undefined|undefined|ELECTO
HAGAPITO CASTRO VACA|ALCALDE (SA)|undefined|undefined|ELECTO
EUSTAQUIO CASILLA FERMIN|ALCALDE (SA)|undefined|undefined|ELECTO
LEONARDO LUIS CHAMBY MONTOYA|ALCALDE (SA)|undefined|undefined|ELECTO
TEODORO GONZALEZ SAUCEDO|ALCALDE (SA)|undefined|undefined|ELECTO
OSCAR CINKO YAPU|ALCALDE (SA)|undefined|undefined|ELECTO
JUAN CARLOS VALLES MAMANI|ALCALDE (SA)|undefined|undefined|ELECTO
JUAN CARLOS MONTAÑO ARIAS|ALCALDE (SA)|undefined|undefined|ELECTO
JHONNY  VOCAL ANDRADE|ALCALDE (SA)|undefined|undefined|ELECTO
WILLY  CALDERON COCA|ALCALDE (SA)|undefined|undefined|ELECTO
GERMAN SANCHEZ PADILLA|ALCALDE (SA)|undefined|undefined|ELECTO
RAMIRO BARTOLOME ESCALANTE CALA|ALCALDE (SA)|undefined|undefined|ELECTO
RIMBER BARRON REYNA|ALCALDE (SA)|undefined|undefined|ELECTO
JAIME VALVERDE DELGADILLO|ALCALDE (SA)|undefined|undefined|ELECTO
OVIDIO TERRAZAS ROJAS|ALCALDE (SA)|undefined|undefined|ELECTO
ADHEMAR CARVAJAL RUIZ|ALCALDE (SA)|undefined|undefined|ELECTO
MARCIAL YUCRA MENDO|ALCALDE (SA)|undefined|undefined|ELECTO
JAVIER NOGALES JAIME|ALCALDE (SA)|undefined|undefined|ELECTO
JULIO LIMBERTH ROJAS TAPIA|ALCALDE (SA)|undefined|undefined|ELECTO
MARCELO VILLAGRA QUISPE|ALCALDE (SA)|undefined|undefined|ELECTO
CARMELO MELENDRES ROJAS|ALCALDE (SA)|undefined|undefined|ELECTO
RUBEN DARIO MERCADO SUAREZ|ALCALDE (SA)|undefined|undefined|ELECTO
ROBERTO ANDRADE LIMON|ALCALDE (SA)|undefined|undefined|ELECTO
HUMBERTO TANGARA APAZA|ALCALDE (SA)|undefined|undefined|ELECTO
SALVADOR TORREJON OROPEZA|ALCALDE (SA)|undefined|undefined|ELECTO
MAX JHONNY FERNANDEZ SAUCEDO|ALCALDE (SA)|undefined|undefined|ELECTO
MAX CHALLAPA CHOQUE|ALCALDE (SA)|undefined|undefined|ELECTO
ISMAEL PEREZ ATORA|ALCALDE (SA)|undefined|undefined|ELECTO
HECTOR   CARTAGENA   CHACON|ALCALDE (SA)|undefined|undefined|ELECTO
VICENTE CHOQUEHUANCA MULLISACA|ALCALDE (SA)|undefined|undefined|ELECTO
VIDAL EDWIN CUSSI GUARACHI|ALCALDE (SA)|undefined|undefined|ELECTO
FAUSTO GARCIA LOPEZ|ALCALDE (SA)|undefined|undefined|ELECTO
SIMON RODRIGUEZ MAMANI|ALCALDE (SA)|undefined|undefined|ELECTO
MARBIN BARBERY CESPEDES|ALCALDE (SA)|undefined|undefined|ELECTO
JIMMY CARLOS HURTADO SANDOVAL|ALCALDE (SA)|undefined|undefined|ELECTO
JOSE EDUARDO DIAZ RUIZ|ALCALDE (SA)|undefined|undefined|ELECTO
ARIEL RODRIGO   MALDONADO   ALMENDRAS|ALCALDE (SA)|undefined|undefined|ELECTO
CIRIACO RODRIGUEZ VASQUEZ|ALCALDE (SA)|undefined|undefined|ELECTO
DIONICIO LUCIANO MARCONI QUISPE|ALCALDE (SA)|undefined|undefined|ELECTO
ORLANDO DANIEL LOPEZ POMA|ALCALDE (SA)|undefined|undefined|ELECTO
FERNANDO VERA CHAMBI|ALCALDE (SA)|undefined|undefined|ELECTO
EVERTY  ORIHUELA MERCADO|ALCALDE (SA)|undefined|undefined|ELECTO
JORGE DONNY CHAVEZ SUAREZ|ALCALDE (SA)|undefined|undefined|ELECTO
DARWIN  PERROGON RODRIGUEZ|ALCALDE (SA)|undefined|undefined|ELECTO
JUAN CARLOS ABULARACH SUAREZ|ALCALDE (SA)|undefined|undefined|ELECTO
WALTER RONAL TOVIAS SIMON|ALCALDE (SA)|undefined|undefined|ELECTO
ZENON YUCRA CHECA|ALCALDE (SA)|undefined|undefined|ELECTO
VICTOR PAUCAR PORCO|ALCALDE (SA)|undefined|undefined|ELECTO
CARLOS RUDDY DORADO FLORES|ALCALDE (SA)|undefined|undefined|ELECTO
DENNY CARLOS VELARDE VILLARROEL|ALCALDE (SA)|undefined|undefined|ELECTO
HECTOR CONTRERAS ALVAREZ|ALCALDE (SA)|undefined|undefined|ELECTO
RAUL GONZALO ALVIS CLAUDIO|ALCALDE (SA)|undefined|undefined|ELECTO
MAURICIO VIERA CANIDO|ALCALDE (SA)|undefined|undefined|ELECTO
HUMBERTO JORGE VARGAS ROCA|ALCALDE (SA)|undefined|undefined|ELECTO
MAURICIO MONTERO YORGE|ALCALDE (SA)|undefined|undefined|ELECTO
ANGEL SUMAMI PARAPAINO|ALCALDE (SA)|undefined|undefined|ELECTO
REGYS MEDINA PAZ|ALCALDE (SA)|undefined|undefined|ELECTO
FERDDY SHARVEL ESCOBAR REVOLLO|ALCALDE (SA)|undefined|undefined|ELECTO
FRANCISCO YUJRA APAZA|ALCALDE (SA)|undefined|undefined|ELECTO
JOHNNY QUISPE CACERES|ALCALDE (SA)|undefined|undefined|ELECTO
ELOY SANTANDER LOAYZA|ALCALDE (SA)|undefined|undefined|ELECTO
CONSTANCIO GUTIERREZ CATACORA|ALCALDE (SA)|undefined|undefined|ELECTO
TEOFILO CHOQUEVILLCA TITO|ALCALDE (SA)|undefined|undefined|ELECTO
RAMIRO HUGO CHAMBI POMACAHUA|ALCALDE (SA)|undefined|undefined|ELECTO
ELEUTERIO MARAZA QUISPE|ALCALDE (SA)|undefined|undefined|ELECTO
EMILIO MALDONADO FLORES|ALCALDE (SA)|undefined|undefined|ELECTO
ANA LUCIA REIS  MELENA|ALCALDE (SA)|undefined|undefined|ELECTO
GRESLY JUSTINIANO  DURAN|ALCALDE (SA)|undefined|undefined|ELECTO
CRISTHIAN MIGUEL CAMARA ARRATIA|ALCALDE (SA)|undefined|undefined|ELECTO
DORFIO MANSILLA AVENDAÑO|ALCALDE (SA)|undefined|undefined|ELECTO
ARIEL SILES CESPEDES|ALCALDE (SA)|undefined|undefined|ELECTO
JUAN LIMBERTH    ANDIA |ALCALDE (SA)|undefined|undefined|ELECTO
EVER COLQUE YUCRA|ALCALDE (SA)|undefined|undefined|ELECTO
ROCIO ROCA ROCA|ALCALDE (SA)|undefined|undefined|ELECTO
MERCEDES MOLINA VASQUEZ|ALCALDE (SA)|undefined|undefined|ELECTO
DAVID ANZALDO ANZALDO|ALCALDE (SA)|undefined|undefined|ELECTO
JOSE NELSON  GALLINATE  TORRICO|ALCALDE (SA)|undefined|undefined|ELECTO
PABLO EDDIE GUARISTI PEREDO|ALCALDE (SA)|undefined|undefined|ELECTO
CELVY ORELLANA COSTA|ALCALDE (SA)|undefined|undefined|ELECTO
ELIAS MORENO VARGAS|ALCALDE (SA)|undefined|undefined|ELECTO
RULLY CIRO JIMENEZ DELBOY|ALCALDE (SA)|undefined|undefined|ELECTO
GERMAN ROMEO HERRERA BARJA|ALCALDE (SA)|undefined|undefined|ELECTO
CONSTANCIO SALAZAR PADILLA|ALCALDE (SA)|undefined|undefined|ELECTO
OSCAR GONZALO SALAZAR VILLARROEL|ALCALDE (SA)|undefined|undefined|ELECTO
CARMEN AIDA AGUILERA SUAREZ|ALCALDE (SA)|undefined|undefined|ELECTO
CRISTIAN ROBERTO VELASCO AÑEZ|ALCALDE (SA)|undefined|undefined|ELECTO
MANFRED ARMANDO ANTONIO   REYES VILLA   BACIGALUPI|ALCALDE (SA)|undefined|undefined|ELECTO
HERNAN IVAN ARIAS DURAN|ALCALDE (SA)|undefined|undefined|ELECTO
RUBEN LAURA HUANCA|ALCALDE (SA)|undefined|undefined|ELECTO
JUSTINO MODESTO MAMANI QUISPE|ALCALDE (SA)|undefined|undefined|ELECTO
CESAR ROGELIO FLORES MAMANI|ALCALDE (SA)|undefined|undefined|ELECTO
MONICA EVA COPA MURGA|ALCALDE (SA)|undefined|undefined|ELECTO
ADOLFO SALINAS HUANCA|ALCALDE (SA)|undefined|undefined|ELECTO
NEIL   GALVEZ   ZURITA|ALCALDE (SA)|undefined|undefined|ELECTO
JAVIER ABRAHAM LAZCANO QUIROGA|ALCALDE (SA)|undefined|undefined|ELECTO
JOHNNY MARCEL TORRES TERZO|ALCALDE (SA)|undefined|undefined|ELECTO
TEODORO SURUGUAY QUIROGA|ALCALDE (SA)|undefined|undefined|ELECTO
SANDRA MUÑOZ GUTIERREZ|ALCALDE (SA)|undefined|undefined|ELECTO
JHONNY LLALLY HUATA|ALCALDE (SA)|undefined|undefined|ELECTO
NEPTALY MENDOZA DURAN|ALCALDE (SA)|undefined|undefined|ELECTO
YORDY ENRRIQUE  LEVERENZ   LOPEZ|ALCALDE (SA)|undefined|undefined|ELECTO
FRANKLIN  AGUIRRE  TELLEZ|ALCALDE (SA)|undefined|undefined|ELECTO
EDMUNDO  ROCA  SALAS|ALCALDE (SA)|undefined|undefined|ELECTO
SAMUEL HEREDIA  CHIPUNAVI|ALCALDE (SA)|undefined|undefined|ELECTO
LORENZO GALARZA BENAVIDES|ALCALDE (SA)|undefined|undefined|ELECTO
SANTOS SIMON VICENTE CORMA|ALCALDE (SA)|undefined|undefined|ELECTO
ALFREDO FUENTES MARISCAL|ALCALDE (SA)|undefined|undefined|ELECTO
FELIX MAMANI FERNANDEZ|ALCALDE (SA)|undefined|undefined|ELECTO
IGNACIO MORON ROJAS|ALCALDE (SA)|undefined|undefined|ELECTO
RENE HUANACO MAMANI|ALCALDE (SA)|undefined|undefined|ELECTO
MARCELO  TUCHANI  AMUTARI|ALCALDE (SA)|undefined|undefined|ELECTO
SERAFIN ESCOBAR QUISPE|ALCALDE (SA)|undefined|undefined|ELECTO
