ine_code,muni_name,department,qid,file,category,outcome
080602,San Andrés,Beni,Q1535931,"Flag of San Andrés, Bolivia.svg",Flags of municipalities of Bolivia,added
080102,San Javier,Beni,Q256171,"Flag of San Javier, Cercado, Bolivia.svg",Flags of municipalities of Bolivia,added
010502,Huacareta,Chuquisaca,Q1142195,"Flag of Huacareta, Bolivia.svg",Flags of municipalities of Bolivia,added
011002,Huacaya,Chuquisaca,Q1141996,"Flag of Huacaya, Bolivia.svg",Flags of municipalities of Bolivia,added
010202,Tarvita,Chuquisaca,Q1142233,"Flag of Tarvita, Bolivia.svg",Flags of municipalities of Bolivia,added
011001,Villa Vaca Guzmán,Chuquisaca,Q121543,Flag of Villa Vaca Guzmán.svg,Flags of municipalities of Bolivia,added
030403,Arbieto,Cochabamba,Q1516960,"Flag of Arbieto, Bolivia.svg",Flags of municipalities of Bolivia,added
031501,Bolívar,Cochabamba,Q1952875,"Flag of Bolívar, Bolivia.svg",Flags of municipalities of Bolivia,added
031204,Chimoré,Cochabamba,Q1521093,"Flag of Chimoré, Bolivia.svg",Flags of municipalities of Bolivia,added
030303,Cocapata,Cochabamba,Q1147245,"Flag of Cocapata, Bolivia.svg",Flags of municipalities of Bolivia,added
031405,Cuchumuela,Cochabamba,Q1521224,"Flag of Cuchumuela, Bolivia.svg",Flags of municipalities of Bolivia,added
031206,Entre Ríos,Cochabamba,Q636059,"Flag of Entre Ríos, Cochabamba Department, Bolivia.svg",Flags of municipalities of Bolivia,added
031301,Mizque,Cochabamba,Q1521176,"Flag of Mizque, Bolivia.svg",Flags of municipalities of Bolivia,added
030203,Omereque,Cochabamba,Q1521168,"Flag of Omereque, Bolivia.svg",Flags of municipalities of Bolivia,added
030202,Pasorapa,Cochabamba,Q1497559,"Flag of Pasorapa, Bolivia.svg",Flags of municipalities of Bolivia,added
031203,Pocona,Cochabamba,Q1521138,"Flag of Pocona, Bolivia.svg",Flags of municipalities of Bolivia,added
031202,Pojo,Cochabamba,Q1516972,Flag of Pojo.svg,Flags of municipalities of Bolivia,added
031205,Puerto Villarroel,Cochabamba,Q1521128,"Flag of Puerto Villarroel, Bolivia.svg",Flags of municipalities of Bolivia,added
030404,Sacabamba,Cochabamba,Q547615,"Flag of Sacabamba, Bolivia.svg",Flags of municipalities of Bolivia,added
031403,San Benito,Cochabamba,Q1521209,"Flag of San Benito, Bolivia.svg",Flags of municipalities of Bolivia,added
030702,Santiváñez,Cochabamba,Q939128,"Flag of Santiváñez, Bolivia.svg",Flags of municipalities of Bolivia,added
030703,Sicaya,Cochabamba,Q1521111,"Flag of Sicaya, Bolivia.svg",Flags of municipalities of Bolivia,added
030401,Tarata,Cochabamba,Q659801,"Flag of Tarata, Bolivia.svg",Flags of municipalities of Bolivia,added
030802,Toco,Cochabamba,Q1272109,"Flag of Toco, Bolivia.svg",Flags of municipalities of Bolivia,added
030803,Tolata,Cochabamba,Q1816574,"Flag of Tolata, Bolivia.svg",Flags of municipalities of Bolivia,added
030502,Vacas,Cochabamba,Q1817895,"Flag of Vacas, Bolivia.svg",Flags of municipalities of Bolivia,added
031302,Vila Vila,Cochabamba,Q1814595,"Flag of Vila Vila, Bolivia.svg",Flags of municipalities of Bolivia,added
020201,Achacachi,La Paz,Q1819965,"Flag of Achacachi, Bolivia.svg",Flags of municipalities of Bolivia,added
022002,Alto Beni,La Paz,Q1952850,"Flag of Alto Beni, Bolivia.svg",Flags of municipalities of Bolivia,added
020905,Cairoma,La Paz,Q1552096,"Flag of Cairoma, Bolivia.svg",Flags of municipalities of Bolivia,added
021003,Cajuata,La Paz,Q1544600,"Flag of Cajuata, Bolivia.svg",Flags of municipalities of Bolivia,added
021601,Charazani,La Paz,Q1544495,"Flag of Charazani, Bolivia.svg",Flags of municipalities of Bolivia,added
020305,Charaña,La Paz,Q428293,"Flag of Charaña, Bolivia.svg",Flags of municipalities of Bolivia,added
020203,Chua Cocani,La Paz,Q1952923,"Flag of Chua Cocani, Bolivia.svg",Flags of municipalities of Bolivia,added
021004,Colquiri,La Paz,Q1544551,"Flag of Colquiri, Bolivia.svg",Flags of municipalities of Bolivia,added
021402,Coripata,La Paz,Q1303284,"Flag of Coripata, Bolivia.svg",Flags of municipalities of Bolivia,added
020301,Coro Coro,La Paz,Q1814929,"Flag of Corocoro, Bolivia.svg",Flags of municipalities of Bolivia,added
021602,Curva,La Paz,Q1544505,"Flag of Curva, Bolivia.svg",Flags of municipalities of Bolivia,added
020804,Desaguadero,La Paz,Q1952961,"Flag of Desaguadero, Bolivia.svg",Flags of municipalities of Bolivia,added
020602,Guanay,La Paz,Q1551023,"Flag of Guanay, Bolivia.svg",Flags of municipalities of Bolivia,added
020204,Huarina,La Paz,Q1952982,"Flag of Huarina, Bolivia.svg",Flags of municipalities of Bolivia,added
021501,Ixiamas,La Paz,Q1544558,"Flag of Ixiamas, Bolivia.svg",Flags of municipalities of Bolivia,added
021105,La Asunta,La Paz,Q1552078,"Flag of La Asunta, Bolivia.svg",Flags of municipalities of Bolivia,added
020904,Malla,La Paz,Q1315889,"Flag of Malla, Bolivia.svg",Flags of municipalities of Bolivia,added
020103,Mecapaca,La Paz,Q1551628,"Flag of Mecapaca, Bolivia.svg",Flags of municipalities of Bolivia,added
021104,Palos Blancos,La Paz,Q1551606,"Flag of Palos Blancos, Bolivia.svg",Flags of municipalities of Bolivia,added
021305,Patacamaya,La Paz,Q490971,"Flag of Patacamaya, Bolivia.svg",Flags of municipalities of Bolivia,added
021901,Santiago de Machaca,La Paz,Q1544546,"Flag of Santiago de Machaca, Bolivia.svg",Flags of municipalities of Bolivia,added
020601,Sorata,La Paz,Q1860758,"Flag of Sorata, Bolivia.svg",Flags of municipalities of Bolivia,added
020803,Tiahuanaco,La Paz,Q681960,"Flag of Tiahuanacu, Bolivia.svg",Flags of municipalities of Bolivia,added
020606,Tipuani,La Paz,Q1585089,Flag of Tipuani.svg,Flags of municipalities of Bolivia,added
040503,Cruz de Machacamarca,Oruro,Q647771,"Flag of Cruz de Machacamarca, Bolivia.svg",Flags of municipalities of Bolivia,added
040501,Huachacalla,Oruro,Q647800,"Flag of Huachacalla, Bolivia.svg",Flags of municipalities of Bolivia,added
041501,La Rivera,Oruro,Q647786,"Flag of La Rivera, Bolivia.svg",Flags of municipalities of Bolivia,added
040104,Paria,Oruro,Q684618,"Flag of Paria, Bolivia.svg",Flags of municipalities of Bolivia,added
040602,Pazña,Oruro,Q528661,"Flag of Pazña, Bolivia.svg",Flags of municipalities of Bolivia,added
040901,Sabaya,Oruro,Q1478043,"Flag of Sabaya, Bolivia.svg",Flags of municipalities of Bolivia,added
040402,Turco,Oruro,Q796998,"Flag of Turco, Bolivia.svg",Flags of municipalities of Bolivia,added
090503,Santos Mercado,Pando,Q198359,"Flag of Santos Mercado, Bolivia.svg",Flags of municipalities of Bolivia,added
051302,Acasio,Potosí,Q1477964,"Flag of Acasio, Bolivia.svg",Flags of municipalities of Bolivia,added
051301,Arampampa,Potosí,Q1477973,"Flag of Arampampa, Bolivia.svg",Flags of municipalities of Bolivia,added
050802,Atocha,Potosí,Q1477927,Colores bandera Atocheña.svg,Flags of municipalities of Bolivia,added
050301,Betanzos,Potosí,Q1477951,"Flag of Betanzos, Bolivia.svg",Flags of municipalities of Bolivia,added
051102,Caiza D,Potosí,Q637609,"Flag of Caiza D, Bolivia.svg",Flags of municipalities of Bolivia,added
050702,Caripuyo,Potosí,Q1477999,"Flag of Caripuyo, Bolivia.svg",Flags of municipalities of Bolivia,added
050302,Chaquí,Potosí,Q637599,"Flag of Chaquí, Bolivia.svg",Flags of municipalities of Bolivia,added
051203,Porco,Potosí,Q628665,"Flag of Porco, Bolivia.svg",Flags of municipalities of Bolivia,added
050402,Ravelo,Potosí,Q1477747,"Flag of Ravelo, Bolivia.svg",Flags of municipalities of Bolivia,added
050701,Sacaca,Potosí,Q1477919,Flag of Potosí.svg,Flags of municipalities of Bolivia,added
051001,San Pablo de Lípez,Potosí,Q1477898,"Flag of San Pablo de Lípez, Bolivia.svg",Flags of municipalities of Bolivia,added
050501,San Pedro de Buena Vista,Potosí,Q624522,Colores bandera Atocheña.svg,Flags of municipalities of Bolivia,skipped
050405,San Pedro de Macha,Potosí,Q106409795,"Flag of San Pedro de Macha, Bolivia.svg",Flags of municipalities of Bolivia,added
050303,Tacobamba,Potosí,Q637620,"Flag of Tacobamba, Bolivia.svg",Flags of municipalities of Bolivia,added
050102,Tinguipaya,Potosí,Q1477957,"Flag of Tinguipaya, Bolivia.svg",Flags of municipalities of Bolivia,added
051202,Tomave,Potosí,Q1477902,"Flag of Tomave, Bolivia.svg",Flags of municipalities of Bolivia,added
050502,Toro Toro,Potosí,Q624520,"Flag of Torotoro, Bolivia.svg",Flags of municipalities of Bolivia,added
050602,Vitichi,Potosí,Q1533308,"Flag of Vitichi, Bolivia.svg",Flags of municipalities of Bolivia,added
050103,Yocalla,Potosí,Q1477980,"Flag of Yocalla, Bolivia.svg",Flags of municipalities of Bolivia,added
070707,Boyuibe,Santa Cruz,Q515092,"Flag of Boyuibe, Bolivia.svg",Flags of municipalities of Bolivia,added
070703,Cabezas,Santa Cruz,Q1024796,"Flag of Cabezas, Bolivia.svg",Flags of municipalities of Bolivia,added
070702,Charagua,Santa Cruz,Q598031,"Flag of Charagua Iyambae, Bolivia.svg",Flags of municipalities of Bolivia,added
071503,El Puente,Santa Cruz,Q1108311,"Flag of El Puente, Guarayos, Bolivia.svg",Flags of municipalities of Bolivia,added
070802,El Trigal,Santa Cruz,Q542442,"Flag of El Trigal, Bolivia.svg",Flags of municipalities of Bolivia,added
071004,Fernández Alonso,Santa Cruz,Q371664,"Flag of Fernández Alonso, Bolivia.svg",Flags of municipalities of Bolivia,added
070803,Moro Moro,Santa Cruz,Q1107963,"Flag of Moro Moro, Bolivia.svg",Flags of municipalities of Bolivia,added
070804,Postrervalle,Santa Cruz,Q918680,"Flag of Postrervalle, Bolivia.svg",Flags of municipalities of Bolivia,added
071302,Saipina,Santa Cruz,Q1108162,"Flag of Saipina, Bolivia.svg",Flags of municipalities of Bolivia,added
071105,San Antonio de Lomerío,Santa Cruz,Q1108298,"Flag of San Antonio de Lomerío, Bolivia.svg",Flags of municipalities of Bolivia,added
071102,San Javier,Santa Cruz,Q1531880,"Flag of San Javier, Ñuflo de Chaves, Bolivia.svg",Flags of municipalities of Bolivia,added
070302,San Miguel de Velasco,Santa Cruz,Q1486932,"Flag of San Miguel de Velasco, Bolivia.svg",Flags of municipalities of Bolivia,added
071005,San Pedro,Santa Cruz,Q668846,"Flag of San Pedro, Santistevan, Bolivia.svg",Flags of municipalities of Bolivia,added
070303,San Rafael de Velasco,Santa Cruz,Q1108286,"Flag of San Rafael de Velasco, Bolivia.svg",Flags of municipalities of Bolivia,added
071103,San Ramón,Santa Cruz,Q1108183,"Flag of San Ramón, Ñuflo de Chaves, Bolivia.svg",Flags of municipalities of Bolivia,added
070602,Santa Rosa del Sara,Santa Cruz,Q1108258,"Flag of Santa Rosa del Sara, Bolivia.svg",Flags of municipalities of Bolivia,added
060303,Villa Montes,Tarija,Q328298,"Flag of Villa Montes, Bolivia.svg",Flags of municipalities of Bolivia,added
010102,Yotala,Chuquisaca,Q1142025,Escudo yotala.jpg,Coats of arms of municipalities of Bolivia,added
050701,Sacaca,Potosí,Q1477919,Escudo de Potosí.svg,Coats of arms of municipalities of Bolivia,added
