Departamento,Provincia,Capital,Municipio,Cantón
Beni,Cercado,Trinidad,Trinidad,Trinidad
Beni,Cercado,Trinidad,San Javier,"San Javier, San Pedro"
Beni,Iténez,Magdalena,Magdalena,"Magdalena, Orobayaya"
Beni,Iténez,Magdalena,Baures,"Baures, Mategua"
Beni,Iténez,Magdalena,Huacaraje,"Huacaraje, El Carmen"
Beni,José Ballivián,Reyes,Reyes,"Reyes, Cavinas"
Beni,José Ballivián,Reyes,San Borja,San Borja
Beni,José Ballivián,Reyes,Santa Rosa,Santa Rosa
Beni,José Ballivián,Reyes,Rurrenabaque,Rurrenabaque
Beni,Mamoré,San Joaquín,San Joaquín,"San Joaquin, More"
Beni,Mamoré,San Joaquín,San Ramón,"San Ramón, Las Pampitas"
Beni,Mamoré,San Joaquín,Puerto Siles,"Puerto Siles, Alejandria, Vigo"
Beni,Marbán,Loreto,Loreto,"Loreto, Limoquije, Sachojere, San Antonio"
Beni,Marbán,Loreto,San Andrés,"San Andrés, Peroto"
Beni,Moxos,San Ignacio,San Ignacio,"San Ignacio, San Francisco, San Lorenzo"
Beni,Vaca Díez,Riberalta,Riberalta,"Riberalta, Concepción, Florida, Ivon"
Beni,Vaca Díez,Riberalta,Guayaramerín,"Guayaramerín, Villa Bella, Cachuela Esperanza, Yata"
Beni,Yacuma,Santa Ana,Santa Ana,"Santa Ana, José Agustín de Palacios"
Beni,Yacuma,Santa Ana,Exaltación,Exaltación
Chuquisaca,Azurduy,Azurduy,Villa Azurduy,"Azurduy, Antonio Lopez, Las Casas"
Chuquisaca,Azurduy,Azurduy,Tarvita,"Mariscal Braun, San Pedro, Tarvita"
Chuquisaca,Belisario Boeto,Villa Serrano,Villa Serrano,"Mendoza, Urriolagoitia, Villa Serrano"
Chuquisaca,Hernando Siles,Monteagudo,Monteagudo,"Monteagudo, San Juan del Pirai"
Chuquisaca,Hernando Siles,Monteagudo,Huacareta,"Añimbo, Huacareta, Rosario del Ingre"
Chuquisaca,Jaime Zudáñez,Zudáñez,Villa Zudáñez,Zudáñez
Chuquisaca,Jaime Zudáñez,Zudáñez,Icla,Icla
Chuquisaca,Jaime Zudáñez,Zudáñez,Presto,"Pasopaya, Presto, Rodeo"
Chuquisaca,Jaime Zudáñez,Zudáñez,Mojocoya,Mojocoya
Chuquisaca,Luis Calvo,Villa Vaca Guzmán,Villa Vaca Guzmán,"Iguembe, Sapirangui, Ticucha, Villa Vaca Guzmán"
Chuquisaca,Luis Calvo,Villa Vaca Guzmán,Macharetí,"Camatindi, Carandayti, Ivo, Macharetí, Ñancorainza, Tiguipa"
Chuquisaca,Luis Calvo,Villa Vaca Guzmán,Huacaya,"Boycobo, Huacaya, Santa Rosa"
Chuquisaca,Nor Cinti,Camargo,Camargo,"Camargo, Lintaca, Tacaquira"
Chuquisaca,Nor Cinti,Camargo,San Lucas,"Ajchilla, Chiñimayu, Kollpa, Ocuri, Payacota del Carmen, Pirhuani, San Lucas, Uruchini"
Chuquisaca,Nor Cinti,Camargo,Incahuasi,"Huajlaya, Incahuasi, Pucara de Yatina"
Chuquisaca,Nor Cinti,Camargo,Villa Charcas,"Villa Charcas, Santa Elena"
Chuquisaca,Oropeza,Sucre,Sucre,"Arabate, Chaunaca, Chuqui Chuqui, Huanifaya, Huata, La Palca, Mamahuasi, Maragua, Mojotoro, Potolo, Quila Quila, San Lazaro, San Sebastian, Sucre"
Chuquisaca,Oropeza,Sucre,Poroma,"Copavillkhi, Pojpo, Poroma, Sapse, Sijcha, Huañoma"
Chuquisaca,Oropeza,Sucre,Yotala,"Huayllas, Pulqui, Tuero, Yotala"
Chuquisaca,Sud Cinti,Villa Abecia,Culpina,"Culpina, El Palmar, La Cienega, La Loma, La Cueva, Pilaya, Salitre, San Francisco"
Chuquisaca,Sud Cinti,Villa Abecia,Las Carreras,"Impora, Las Carreras, La Torre, Lime, San Juan, Santa Rosa, Socpora, Taraya"
Chuquisaca,Sud Cinti,Villa Abecia,Camataqui,"Camataqui, Tarcana"
Chuquisaca,Tomina,Padilla,Padilla,Padilla
Chuquisaca,Tomina,Padilla,Tomina,Tomina
Chuquisaca,Tomina,Padilla,Sopachuy,Sopachuy
Chuquisaca,Tomina,Padilla,El Villar,"El Villar, Juana Azurduy de Padilla"
Chuquisaca,Tomina,Padilla,Villa Alcalá,Villa Alcalá
Chuquisaca,Yamparáez,Tarabuco,Tarabuco,"Tarabuco, Pajcha"
Chuquisaca,Yamparáez,Tarabuco,Yamparáez,"Yamparáez, Sotomayor"
Cochabamba,Arani,Arani,Arani,"Arani, Collpa, Pocoata"
Cochabamba,Arani,Arani,Vacas,Vacas
Cochabamba,Arque,Arque,Arque,"Arque, Colcha"
Cochabamba,Arque,Arque,Tacopaya,"Tacopaya, Ventilla"
Cochabamba,Ayopaya,Ayopaya or Independencia,Ayopaya,"Azopaza, Calchani, Icoza"
Cochabamba,Ayopaya,Ayopaya or Independencia,Morochata,"Chinchiri, Pucarani, Punacachi, Yayani"
Cochabamba,Ayopaya,Ayopaya or Independencia,Cocapata,"Choquecamata, Cocapata, Icari"
Cochabamba,Capinota,Capinota,Capinota,"Capinota, Chamoco, Tokho Halla, Villcabamba"
Cochabamba,Capinota,Capinota,Santiváñez,"Calera, Caporaya, Caraza, Chojtama, Huañacota, Poquera, Santiváñez"
Cochabamba,Capinota,Capinota,Sicaya,"Orcoma, Sicaya"
Cochabamba,Carrasco,Totora,Totora,"Arepucho, Icuna, Tiraque ""C"", Totora"
Cochabamba,Carrasco,Totora,Puerto Villarroel,"Ivirgarzama, Mariposas, Puerto Villarroel, Valle Ivirza"
Cochabamba,Carrasco,Totora,Pojo,"Chalguani, Chuquiomo, Duraznillo, Guarayos, Mamoré, Palca, Pojo, Real, Rodeo"
Cochabamba,Carrasco,Totora,Chimoré,Chimoré
Cochabamba,Carrasco,Totora,Pocona,"Chimboata, Chillicchi, Conda, Huayapacha, Pocona"
Cochabamba,Carrasco,Totora,Entre Ríos,Entre Ríos
Cochabamba,Cercado,Cochabamba,Cochabamba,Cochabamba
Cochabamba,Chapare,Sacaba,Sacaba,"Aguirre, Chiñata, Lava Lava, Quewiñapampa, Sacaba, Ucuchi"
Cochabamba,Chapare,Sacaba,Villa Tunari,"Mendoza, Paracti, Villa Tunari"
Cochabamba,Chapare,Sacaba,Colomi,"Candelaria, Colomi, San José, Tablas Monte"
Cochabamba,Esteban Arce,Tarata,Tarata,"Huayculi, Huasa Rancho, Izata, Tarata"
Cochabamba,Esteban Arce,Tarata,Anzaldo,"Anzaldo, La Viña, Quiriria"
Cochabamba,Esteban Arce,Tarata,Arbieto,"Arbieto, Aranjuez, Arpita"
Cochabamba,Esteban Arce,Tarata,Sacabamba,"Apillapa, Challaque, Matarani, Quekoma, Sacabamba"
Cochabamba,Germán Jordán,Cliza,Cliza,"Chullpas, Cliza, Huasacalle, Santa Lucía"
Cochabamba,Germán Jordán,Cliza,Toco,Toco
Cochabamba,Germán Jordán,Cliza,Tolata,Tolata
Cochabamba,Mizque,Mizque,Mizque,"Mizque, Cauta, Molinero, Taboada, Tin Tin, Vicho Vicho"
Cochabamba,Mizque,Mizque,Alalay,"Alalay, Ayapampa"
Cochabamba,Mizque,Mizque,Vila Vila,"Vila Vila, Siquimira"
Cochabamba,Campero,Aiquile,Aiquile,"Aiquile, Quiroga, Villa Granado"
Cochabamba,Campero,Aiquile,Omereque,"Chari Cari, Ele Ele, Huanacuni Grande, Omereque, Peña Colorada, Perereta"
Cochabamba,Campero,Aiquile,Pasorapa,Pasorapa
Cochabamba,Punata,Punata,Punata,Punata
Cochabamba,Punata,Punata,San Benito,"Huaricya, San Benito, Sunchu Pampa"
Cochabamba,Punata,Punata,Villa Rivero,Villa Rivero
Cochabamba,Punata,Punata,Cuchumuela,Cuchumuela
Cochabamba,Punata,Punata,Tacachi,Tacachi
Cochabamba,Quillacollo,Quillacollo,Quillacollo,"El Paso, Quillacollo"
Cochabamba,Quillacollo,Quillacollo,Colcapirhua,"Colcapirhua, Santa Rosa"
Cochabamba,Quillacollo,Quillacollo,Tiquipaya,Tiquipaya
Cochabamba,Quillacollo,Quillacollo,Vinto,"Anocaraire, La Chulla, Machac Marca, Vinto"
Cochabamba,Quillacollo,Quillacollo,Sipe Sipe,"Itapaya, Mallco Rancho, Sipe Sipe"
Cochabamba,Bolívar,Bolívar,Bolívar,"Bolívar, Carpani, Challoma, Comuna, Coyuna, Jorenko, Vilacaya, Villa Victoria, Yarbicoya"
Cochabamba,Tapacarí,Tapacarí,Tapacarí,"Challa, Leque, Ramadas, Tapacarí"
Cochabamba,Tiraque,Tiraque,Tiraque,"Palca, Tiraque"
Cochabamba,Tiraque,Tiraque,Shinahota,Shinahota
La Paz,Abel Iturralde,Ixiamas,Ixiamas,Ixiamas
La Paz,Abel Iturralde,Ixiamas,San Buenaventura,San Buena Ventura
La Paz,Aroma,Sica Sica,Sica Sica,"Ayamaya, Chijmuni, Colpapucho Belen, Germán Busch, Kajani, Machacamarca, Manuel Isodoro Belzu, Panduro, Pujravi, Sica Sica, Villa Chuakhollu Grande"
La Paz,Aroma,Sica Sica,Umala,"Asunción Huancaroma, Cañaviri, Llanga Belen, Puerto Huari Belen, San José de Llanga, San Miguel de Copani, Santiago de Collana, Umala, Vituy Vinto"
La Paz,Aroma,Sica Sica,Ayo Ayo,"Collana Tolar, Santa Rosa de Lima, Tupac Katari, Villa Carmen"
La Paz,Aroma,Sica Sica,Calamarca,"Ajoya, Calamarca, Cosmini, San Antonio de Senkata, Sivincani, Vilaque Copata, Villa El Carmen de Caluyo"
La Paz,Aroma,Sica Sica,Patacamaya,"Chacoma, Chairumani, Chiaraque, Colchani, Culta Arajllanga, Iquiaca de Umala, Patacamaya, Pusuta, San Martin de Iquiaca, Villa Concepción de Belen, Villa Patarani, Viscachani"
La Paz,Aroma,Sica Sica,Colquencha,"Colquencha, Marquirivi, Micaya, Nueva Esperanza de Machacamarca, Santiago de Llallagua"
La Paz,Aroma,Sica Sica,Collana,"Collana, Collana Uncallamaya, Hichuaraya Chico"
La Paz,Bautista Saavedra,Charazani,Juan José Pérez,"Amarete, Carijana, Chari, Chullina, General Juan José Pérez (Charazani), Ramon Gonzales, Santa Rosa de Caata"
La Paz,Bautista Saavedra,Charazani,Curva,"Calaya, Camsaya, Comunidad Puli, Curva, Kapna, Lagunillas, Taypi Cañuhuma, Upinhuaya"
La Paz,Caranavi,Caranavi,Caranavi,"Alcoche, Alto Illimani, Belen, Calama, Caranavi, Carrasco, Carrasco La Reserva, Chojña, Choro, Eduardo Avaroa, Inicua Bajo, Incahuara de Ckullu Kuchu, Rosario Entre Ríos, San Pablo, Santa Ana de Alto Beni, Santa Ana de Caranavi, Santa Fe, Santa Rosa, Suapi de Alto Beni, Taypiplaya, Uyunense, Villa Elevacion"
La Paz,Eliodoro Camacho,Puerto Acosta,Puerto Acosta,"Chiñaya 6 de Agosto, Collasuyo, Escoma, Peninsula de Challapata, Puerto Acosta, Puerto Parajachi, San Juan de Cancanani, Umanata, Villa Puni"
La Paz,Eliodoro Camacho,Puerto Acosta,Mocomoco,"Italaque, Mocomoco, Pacaures, Tajani, Villa Rosario de Wila Khala"
La Paz,Eliodoro Camacho,Puerto Acosta,Puerto Carabuco,"Ambana, Puerto Carabuco, Puerto Chaguaya, San Miguel de Yaricoa"
La Paz,Franz Tamayo,Apolo,Apolo,"Apolo, Aten, Mojos, Pata, Santa Cruz del Valle Ameno"
La Paz,Franz Tamayo,Apolo,Pelechuco,"Antaquilla de Copacabana, Pelechuco, Suches, Ulla Ulla"
La Paz,Gualberto Villarroel,San Pedro de Curahuara,San Pedro de Curahuara,"Chilahuala, Conchari, German Busch, Jalsuri, Jankho Marca, Pedro Domingo Murillo, Puerto Capitan Castrillo, Río Mulato Kari, San Pedro de Curahuara, Villa Manquiri, Waldo Ballivian"
La Paz,Gualberto Villarroel,San Pedro de Curahuara,Papel Pampa,"Caylla Churo, Circa Cruzani, Eduardo Abaroa, Molle Bamba, Pacollo, Papel Pampa, Rivera Alta, San Felipe de Challa, Unopata"
La Paz,Gualberto Villarroel,San Pedro de Curahuara,Chacarilla,"Chacarilla, Puerto Aroma, Rosa Pata"
La Paz,Ingavi,Viacha,Tiwanaku,"Huacullani, Pillapi San Agustín, Tiwanaku"
La Paz,Ingavi,Viacha,Viacha,"Chacoma Irpa Grande, General José Ballivian, Ichuraya Grande, Irpuma Irpa Grande, Viacha, Villa Remedíos, Villa Santiago de Chacoma"
La Paz,Ingavi,Viacha,Guaqui,Guaqui
La Paz,Ingavi,Viacha,Desaguadero,"Desaguadero, San Juan de Huancollo"
La Paz,Ingavi,Viacha,San Andrés de Machaca,"Chuncarcota de Machaca, Conchacollo de Machaca, Laquinamaya, Mauri, Nazacara, San Andrés de Machaca, Sombra Pata, Villa Artasivi de Machaca, Villa Pusuma Alto Machaca"
La Paz,Ingavi,Viacha,Jesús de Machaca,"Aguallamaya, Chama, Cuipa España de Machaca, Jesús de Machaca, Kalla Tupac Katari, Khonkho San Salvador, Mejillones de Machaca, Santa Ana de Machaca, Santo Domingo de Machaca, Villa Asunción de Machaca"
La Paz,Ingavi,Viacha,Taraco,"Santa Rosa de Taraco, Taraco"
La Paz,Inquisivi,Inquisivi,Inquisivi,"Arcopongo, Capiñata, Cavari, Eduardo Abaroa, Escola, Inquisivi, Pocusco, Siguas"
La Paz,Inquisivi,Inquisivi,Cajuata,"Cajuata, Circuata, Huaritolo, Suri"
La Paz,Inquisivi,Inquisivi,Colquiri,"Caluyo, Colquiri, Coriri, Huayllamarca, Lanza, Pauca, Villa Hancacota, Uyuni"
La Paz,Inquisivi,Inquisivi,Ichoca,"Franz Tamayo, General Camacho, German Busch, Gualberto Villarroel, Ichoca, Luruhuata, Villa San Antonio Sirarani"
La Paz,Inquisivi,Inquisivi,Licoma,"Charapaxi, Licoma"
La Paz,Inquisivi,Inquisivi,Quime,"Choquetanga, Figueroa, Huaña Cota, Quime"
La Paz,José Manuel Pando,Santiago de Machaca,Santiago de Machaca,"Bautista Saavedra, Berenguela, Exaltación, General José Ballivian, Santiago de Huari Pujio, Santiago de Machaca"
La Paz,José Manuel Pando,Santiago de Machaca,Catacora,"Catacora, Pairumani Grande, Pojo Pajchiri, Thola Khollu"
La Paz,Larecaja,Sorata,Sorata,"Ankoma, Chuchulaya, Guachalla, Obispo Bosque, San Antonio de Millipaya, Sorata, Yani"
La Paz,Larecaja,Sorata,Combaya,"Combaya, San Pedro de Sorejaya,"
La Paz,Larecaja,Sorata,Guanay,"Guanay, San Juan de Challana, Santa Rosa"
La Paz,Larecaja,Sorata,Mapiri,Mapiri
La Paz,Larecaja,Sorata,Quiabaya,Quiabaya
La Paz,Larecaja,Sorata,Tacacoma,"Ananea, Chumisa, Collabamba, Consata, Tacacoma,"
La Paz,Larecaja,Sorata,Teoponte,Teoponte
La Paz,Larecaja,Sorata,Tipuani,"Carguarani, Cotapampa, Paniagua, Tipuani"
La Paz,Loayza,Luribay,Luribay,"Anchallani, Eduardo Abaroa Colliri, Luribay, Poroma, Porvenir, Taucarasi"
La Paz,Loayza,Luribay,Sapahaqui,"Caracato, Muruhuta, Sapahaqui"
La Paz,Loayza,Luribay,Cairoma,"Asiento Araca, Cairoma, Keraya, Saya, Tienda Pata"
La Paz,Loayza,Luribay,Yaco,"Caxata, Challoma, Chucamarca, Llipi Llipi, Tablachaca, Umalaco, Villa Puchuni, Yaco"
La Paz,Loayza,Luribay,Malla,"Coque, Malla, Rodeo"
La Paz,Los Andes,Pucarani,Pucarani,"Catavi, Chojasivi, Cohana, Lacaya, Patamanta, Pucarani, Villa Ascencion de Chipamaya, Villa Iquiaca, Villa Pabon de Chiarpata, Villa Rosario de Corapata, Villa Vilaque"
La Paz,Los Andes,Pucarani,Batallas,"Batallas, Huancane, Karhuisa, Kerani, Peñas, Villa Asuncion Tuquia, Villa San Juan de Chachacomani, Villa Remedios de Calasaya"
La Paz,Los Andes,Pucarani,Laja,"Collo Collo, Curva Pucara, Laja, San Juan Rosario, Tambillo, Villa San Juan de Satatotora"
La Paz,Los Andes,Pucarani,Puerto Pérez,"Aygachi, Cascachi, Puerto Pérez, Suriqui"
La Paz,Manco Kapac,Copacabana,Copacabana,"Copacabana, Lokha, Zampaya"
La Paz,Manco Kapac,Copacabana,San Pedro de Tiquina,"Calata de San Martin, San Pablo de Tiquina, San Pedro de Tiquina, Santiago de Ojje, Villa Amacari"
La Paz,Manco Kapac,Copacabana,Tito Yupanki,Tito Yupanki
La Paz,Muñecas,Chuma,Chuma,"Chajlaya, Chuma, Luquisani, Sococoni, Timusi, Tuiluni"
La Paz,Muñecas,Chuma,Ayata,"Ayapata, Camata"
La Paz,Muñecas,Chuma,Aucapata,"Aucapata, Pusillani"
La Paz,Nor Yungas,Coroico,Coroico,"Coroico, Mururata, Pacollo"
La Paz,Nor Yungas,Coroico,Coripata,"Arapata, Coripata, Milluhuaya"
La Paz,Omasuyos,Achacachi,Achacachi,"Achacachi, Ajllata Grande, Chua Cocani, Chuavisalaya, Franz Tamayo, Huatajata, Jancko Amaya, Soncachi, Villa Asuncion de Corpaputo, Warisata"
La Paz,Omasuyos,Achacachi,Ancoraimes,"Ancoraimes, Cajiata, Cheje Pampa, Chojñapata-Chiñaja, Sotalaya, Villa Macamaca"
La Paz,Omasuyos,Achacachi,Huarina,"Copancara, Huarina"
La Paz,Omasuyos,Achacachi,Santiago de Huata,"Kalaque, Santiago de Huata"
La Paz,Pacajes,Coro Coro,Coro Coro,"Caquingora, Coro Coro, Jancko Marca Sirpa, Jayuma Llallagua, José Manuel Pando, Muro Pilar Mjillones, Porvenir de Quilloma, Rosapata Huancarama, Topohoco, Villa Exaltacion de Enequella"
La Paz,Pacajes,Coro Coro,Caquiaviri,"Achiri, Antaquira, Caquiaviri, Chojñapampa de Vichaya, Jihuacuta, Kasillunca, Laura Lloko Lloko, Tincachi, Vichaya, Villa Anta, Villa Chocorosi"
La Paz,Pacajes,Coro Coro,Calacoto,"Audiencia, Calacoto, Caracollo, Challuyo, General Camacho, General Campero, Laguna Blanca, Max Toledo, Okoruro, Playa Verde, Rosario, Ulloma, Villa Condor Iquiña"
La Paz,Pacajes,Coro Coro,Comanche,"Comanche, General José Ballivián, Rosas Pata Tuli, Tocopilla Cantuyo"
La Paz,Pacajes,Coro Coro,Charaña,"Charaña, Chinocavi, Eduardo Abaroa, General Perez, Ladislao Cabrera, Río Blanco"
La Paz,Pacajes,Coro Coro,Waldo Ballivián,Waldo Ballivián (C. Tumarapi)
La Paz,Pacajes,Coro Coro,Santiago de Callapa,"Calteca, Romero Pampa, San Francisco de Yaribay, Santiago de Callapa, Villa Puchuni"
La Paz,Pacajes,Coro Coro,Nazacara de Pacajes,Nazacara de Pacajes
La Paz,Murillo,Palca,La Paz,"La Paz, Zongo"
La Paz,Murillo,Palca,Palca,"Cohoni, Palca, Qillihuaya"
La Paz,Murillo,Palca,Mecapaca,"Chanka, Collana, Mecapaca, Santiago de Collana"
La Paz,Murillo,Palca,Achocalla,"Achocalla, Asunta Quillviri, Villa Concepción"
La Paz,Murillo,Palca,El Alto,El Alto
La Paz,Sud Yungas,Chulumani,Chulumani,"Chirca, Chulumani, Huancane, Ocobaya, Villa Asunta"
La Paz,Sud Yungas,Chulumani,La Asunta,"Calisaya, Chamaca, Charia, Colopampa Grande, Cotopata, Huayabal, La Asunta, La Calzada, Las Mercedes, Puerto Rico, San José, Villa Barrientos, Yanamayu"
La Paz,Sud Yungas,Chulumani,Palos Blancos,Palos Blancos
La Paz,Sud Yungas,Chulumani,Irupana,"Chicaloma, Irupana, Lambate, Laza, Taca, Victorio Lanza"
La Paz,Sud Yungas,Chulumani,Yanacachi,"Villa Aspiazu, Yanacachi"
Oruro,Atahuallpa,Sabaya,Sabaya,"Alaroco, Bella Vista, Cahuana, Cruz de Huayllas, Julo, Negrillos, Pacariza, Pagador, Parajaya, Pisiga Bolivar Sucre, Quea Queani, Sabaya, Sacabaya, San Antonio de Pitacollo, Tunape, Villa Rosario, Villa Vitalina"
Oruro,Atahuallpa,Sabaya,Chipaya,"Ayparavi, Chipaya, Vestrullani"
Oruro,Atahuallpa,Sabaya,Coipasa,Coipasa
Oruro,Carangas,Corque,Corque,"Caracota, Copacabanita, Corque, Jancocala, Laca Laca Quita Quita, Opoqueri, Payoco, Pomata Aite, San Antonio de Arcala, San Jose de Kala, San Pedro de Huaylloco, Villa Esperanza, Villa Tarucachi"
Oruro,Carangas,Corque,Choquecota,"Asuncion Laca Laca, Choquecota"
Oruro,Cercado,Oruro,Oruro,"9 de Abril (Thola Palca), Huayña Pasto Grande, Iruma, Lequepalca, Oruro, Paria, Soracachi, Teniente Bullain"
Oruro,Cercado,Oruro,Caracollo,"Caracollo, Kemalla, Lajma, La Joya, Sillota vito, Sillota Belen, Vilacara"
Oruro,Cercado,Oruro,El Choro,"Challacollo, Crucero Belen, El Choro, Rancho Grande, San Felipe de Chaitavi"
Oruro,Eduardo Avaroa,Challapata,Challapata,"Ancacato, Challapata, Culta, Huancane"
Oruro,Eduardo Avaroa,Challapata,Santuario de Quillacas,"Santuario de Quillacas, Sevaruyo, Soraga"
Oruro,Ladislao Cabrera,Salinas de Garcí Mendoza,Salinas de Garcí Mendoza,"Aroma, Challacota, Concepción de Belén, Jirira, Salinas de Garcí Mendoza, San Martin, Ucumasi, Villa Esperanza"
Oruro,Ladislao Cabrera,Salinas de Garcí Mendoza,Pampa Aullagas,"Bengal Vinto, Ichalula, Pampa Aullagas"
Oruro,Litoral,Huachacalla,Huachacalla,Huachacalla
Oruro,Litoral,Huachacalla,Esmeralda,"Belén, Esmeralda, Pena Penani, Romero Pampa"
Oruro,Litoral,Huachacalla,Cruz de Machacamarca,"Cruz de Machamarca, Florida, Huayllas"
Oruro,Litoral,Huachacalla,Escara,"Escara, Payrumani del Litoral"
Oruro,Litoral,Huachacalla,Yunguyo del Litoral,Yunguyo
Oruro,Nor Carangas,Huayllamarca,Huayllamarca,"Belen de Choquecota, Bella Vista, Chojnahuma, Chuquichambi, Huayllamarca, LLanquera, Puerto Nequeta, San Miguel, Tunupa"
Oruro,Pantaléon Dalence,Huanuni,Villa Huanuni,"Bombo, Cataricahua, Huallatiri, Huanuni, Morococala, Negro Pabellon"
Oruro,Pantaléon Dalence,Huanuni,Machacamarca,"Machacamarca, Vicente Ascarrunz"
Oruro,Poopó,Poopó,Poopó,"Coripata, Poopó, Venta y Media"
Oruro,Poopó,Poopó,Pazña,"Avicaya, Pazña, Peñas, Totoral, Urmíri"
Oruro,Poopó,Poopó,Antequera,"Antequera, Chalguamayu, Tutuni"
Oruro,Puerto de Mejillones,La Rivera,La Rivera,La Rivera
Oruro,Puerto de Mejillones,La Rivera,Todos Santos,Todos Santos
Oruro,Puerto de Mejillones,La Rivera,Carangas,Carangas
Oruro,Sajama,Curahuara de Carangas,Curahuara de Carangas,"Caripe, Curahuara de Carangas, Laguna, Sajama"
Oruro,Sajama,Curahuara de Carangas,Turco,"Chachacomani, Cosapata, Turco"
Oruro,San Pedro de Totora,Totora,Totora,"Calazaya, Chojna Cota, Crucero, Culta, Huacanapi, Marquirivi, Totora"
Oruro,Saucarí,Toledo,Toledo,"Catuyo, Challa Cruz, Challavito, Chocorasi, Chuquina, Collpahuma, Culluri, Kari Kari, Saucarí, Toledo, Untavi"
Oruro,Sebastián Pagador,Santiago de Huari,Santiago de Huari,"Belen, Caico Bolivar, Castilla Huma, Condo ""C"", Condo ""K"", Guadalupe, Lagunillas, Locumpaya, Santiago de Huari, Urmiri, Vichaj Lupe"
Oruro,Sud Carangas,Andamarca,Santiago de Andamarca,"Santiago de Andamarca, Eduardo Avaroa, Orinoca"
Oruro,Sud Carangas,Andamarca,Belén de Andamarca,"Belén de Andamarca, Cruz Huayllamarca, Real Machacamarca, Calama Andamarca"
Oruro,Tomas Barrón,Eucaliptus,Eucaliptus,Eucaliptus
Oruro,Provincia,Capital,Municipio,Cantón
Pando,Abuná,Santa Rosa del Abuná,Santa Rosa del Abuná,"Nacebe, Teduzara"
Pando,Abuná,Santa Rosa del Abuná,Humaita,"Ingavi, Tacna (Humaita)"
Pando,Federico Román,Nueva Esperanza,Nueva Esperanza,"Nueva Esperanza, Río Negro"
Pando,Federico Román,Nueva Esperanza,Villa Nueva,"Villa Nueva, Perseverancia (Loma Alta)"
Pando,Federico Román,Nueva Esperanza,Santos Mercado,"Eureka, Mukuripi"
Pando,Madre de Dios,Puerto Gonzalo Moreno,Puerto Gonzalo Moreno,"Agua Dulce, Trinidad"
Pando,Madre de Dios,Puerto Gonzalo Moreno,San Lorenzo,"Chorrillos, Exaltacion, Fortaleza"
Pando,Madre de Dios,Puerto Gonzalo Moreno,El Sena,"Asunción, Bolívar"
Pando,Manuripi,Puerto Rico,Puerto Rico,"Conquista, El Carmen, Victoria"
Pando,Manuripi,Puerto Rico,Filadelfia,"Arroyo Grande, San Miguelito, Chive"
Pando,Manuripi,Puerto Rico,San Pedro,"Maravilla, San Pablo"
Pando,Nicolás Suárez,Cobija,Cobija,Santa Cruz de Cobija
Pando,Nicolás Suárez,Cobija,Porvenir,"Campo Ana, San Luis"
Pando,Nicolás Suárez,Cobija,Bella Flor,"Costa Rica, Mercier"
Pando,Nicolás Suárez,Cobija,Bolpebra,"Chapacura, Mukden"
Potosí,Alonso de Ibáñez,Sacaca,Sacaca,"Colloma, Sacaca, Wila Circa"
Potosí,Alonso de Ibáñez,Sacaca,Caripuyu,"Caripuyo, Challviri, Chaicuriri, Chojlla, Cotana,     Huanacoma, Jankho Jankho, Juntavi"
Potosí,Antonio Quijarro,Uyuni,Uyuni,"Chacala, Colchani, Coroma, Huanchaca, Pulacayo, Uyuni"
Potosí,Antonio Quijarro,Uyuni,Tomave,"Apacheta, Calasaya, Opoco, San Francisco de Tarana,       Tacora, Ticatica, Tolapampa, Tomave, Ubina, Viluyo, Yura"
Potosí,Antonio Quijarro,Uyuni,Porco,"Churcuita, Condoriri, Karma, Porco"
Potosí,Bernardino Bilbao,Arampampa,Acasio,"Acasio, Taconi de Caine"
Potosí,Bernardino Bilbao,Arampampa,Arampampa,"Arampampa, Charca Marcavi, Huaycuri, Humavisa, Pararani, Santiago, Sarcuri, Molle Villque"
Potosí,Charcas,San Pedro de Buena Vista,San Pedro de Buena Vista,"Eskencachi, Micani, Moscari, San Marcos, San Pedro, Toracari"
Potosí,Charcas,San Pedro de Buena Vista,Toro Toro,"Anahuani, Carasi, Julo Grande, Tambo Khasa, Toro Toro, Yambata"
Potosí,Chayanta,Colquechaca,Colquechaca,"Ayoma, Colquechaca, Macha, Rosario, Surumi"
Potosí,Chayanta,Colquechaca,Ravelo,"Antora, Huaycoma, Pitantora, Ravelo, Tomoyo, Toroca"
Potosí,Chayanta,Colquechaca,Pocoata,"Campaya, Chayala, Pocoata, Quesem Phuco, San Juan de Arrospata, San Miguel de Kari, Senajo, Tacarani, Tomuyo"
Potosí,Chayanta,Colquechaca,Ocurí,"Chairapata, Maragua, Marcoma, Ocurí"
Potosí,Cornelio Saavedra,Betanzos,Betanzos,"Betanzos, Millares, Otuyo, Poco Poco, Potobamba, Quivincha, Siporo, Tecoya, Tuero Tuero, Villa El Carmen"
Potosí,Cornelio Saavedra,Betanzos,Tacobamba,"Ancoma, Colaví, Machacamarca, Rodeo Rodeo, Tacobamba, Yawacari"
Potosí,Cornelio Saavedra,Betanzos,Chaquí,"Chaquí, Coipasi"
Potosí,Daniel Campos,Llica,Llica,"Cahuana, Canquella, Chacoma, Llica, Palaya, San Pablo de Napa, Tres Cruces"
Potosí,Daniel Campos,Llica,Tahua,"Ayque, Cacoma, Caquena, Coqueza, Tahua, Yonza"
Potosí,Enrique Baldivieso,San Agustín,San Agustín,"Alota, Cerro Gordo, San Agustín, Todos Santos"
Potosí,José María Linares,Puna,Puna,"Belen, Duraznos, Esquiri, German Busch, Inchasi, Miculpaya, Otavi, Pacasi, Puna, Sepulturas, Turuchipa, Vilacaya"
Potosí,José María Linares,Puna,"Caiza ""D""","Caiza ""D"", Cucho Ingenio, La Lava, Pancoche, Tuctapari"
Potosí,Modesto Omiste,Villazón,Villazón,"Berque, Casira, Chagua, Chipihuayco, Mojo, Moraya, Sagnasti, Salitre, San Pedro de Sococha, Sarcari, Sococha, Villazon, Yuruma"
Potosí,Nor Chichas,Cotagaita,Cotagaita,"Carlos Medinacelli, Cerro Colorado, Chati, Cornaca, Cotagaita, El Manzanal, La Carreta, Laytapi, Pampa Grande, Quechisla, Mormorque, Ramadas, Río Blanco, Sagrario, Toropalca, Tumusla, Valle Hermoso, Vichacla, Villa Concepcion"
Potosí,Nor Chichas,Cotagaita,Vitichi,"Ara, Calcha, Vitichi, Yawisla"
Potosí,Nor Lípez,"Colcha ""K""","Colcha ""K“","Atulcha, Chuvica, Calcha „K“, Cocani, Colcha „K“, Julaca, Llavica, Rio Grande, San Cristobal, San Juan, Santiago, Santiago de Agencha, Soniquera"
Potosí,Nor Lípez,"Colcha ""K""",San Pedro de Quemes,"Cana, Chiguana, Pajancha, Pelcoya, San Pedro de Quemes"
Potosí,Rafael Bustillo,Uncía,Uncía,"Uncía, Cala Cala, Chuquiuta"
Potosí,Rafael Bustillo,Uncía,Llallagua,"Llallagua, Jachojo"
Potosí,Rafael Bustillo,Uncía,Chayanta,"Amayapampa, Aymaya, Chayanta, Chiuta Cala Cala, Coataca, Irupata, Nueva Colcha, Panacachi, Río Verde"
Potosí,Sur Chichas,Tupiza,Tupiza,"Chillco, Concepcion, Esmoraca, Oploca, Oro Ingenio, Quiriza, Rufino Carrasco, Soracaya, Suipacha, Talina, Tupiza, Villa Pacheco"
Potosí,Sur Chichas,Tupiza,Atocha,"Atocha, Chocaya, Chorolque Viejo, Guadalupe, Portugalete, San Vicente, Tacmari"
Potosí,Sur Lípez,San Pablo de Lípez,San Pablo de Lípez,"Quetena Grande, San Antonio de Lípez, San Pablo de Lípez"
Potosí,Sur Lípez,San Pablo de Lípez,San Antonio de Esmoruco,"Guadalupe, San Antonio de Esmoruco"
Potosí,Sur Lípez,San Pablo de Lípez,Mojinete,"Bonete Palca, Casa Grande, La Cienega, Mojinete, Pueblo Viejo"
Potosí,Tomás Frías,Potosí,Potosí,"Chulchucani, Huari Huari, Potosí, Tarapaya"
Potosí,Tomás Frías,Potosí,Tinguipaya,"Anthura, Tinguipaya"
Potosí,Tomás Frías,Potosí,Yocalla,"Salinas de Yocalla, Santa Lucia, Yocalla"
Potosí,Tomás Frías,Potosí,Urmiri,"Cahuayo, Urmiri"
Santa Cruz,Andrés Ibáñez,Santa Cruz,Santa Cruz,"Santa Cruz, Montero Hoyos, Palmar del Oratorio, Paurito"
Santa Cruz,Andrés Ibáñez,Santa Cruz,La Guardia,"La Guardia, Km.12, El Carmen, Pedro Lorenzo, San José, Peji"
Santa Cruz,Andrés Ibáñez,Santa Cruz,El Torno,"El Torno, Jorochito, La Angostura, Limoncito"
Santa Cruz,Andrés Ibáñez,Santa Cruz,Cotoca,"Cotoca, Puerto Pailas"
Santa Cruz,Andrés Ibáñez,Santa Cruz,Porongo,"Ayacucho, Tervinto"
Santa Cruz,Ángel Sandoval,San Matías,San Matías,"La Gaíba, Las Petas, San Matías, Santo Corazón"
Santa Cruz,Chiquitos,San José de Chiquitos,San José de Chiquitos,"Paso, Quimome, San José, San Juan"
Santa Cruz,Chiquitos,San José de Chiquitos,Pailón,"Canada Larga, Cerro Concepción, Pailón, Pozo del Tigre, Tres Cruces"
Santa Cruz,Chiquitos,San José de Chiquitos,Roboré,"Roboré, Santiago"
Santa Cruz,Cordillera,Lagunillas,Lagunillas,"Lagunillas, Aquio (Ipati)"
Santa Cruz,Cordillera,Lagunillas,Camiri,"Camiri, Choreti"
Santa Cruz,Cordillera,Lagunillas,Charagua,"Charagua, Izozog, Parapeti Grande, Saipuru"
Santa Cruz,Cordillera,Lagunillas,Cabezas,"Abapo, Cabezas, Curiche, El Filo, Florida, Piray"
Santa Cruz,Cordillera,Lagunillas,Gutierrez,"Gutierrez, Ipita"
Santa Cruz,Cordillera,Lagunillas,Boyuibe,"Boyuibe, La Ele"
Santa Cruz,Cordillera,Lagunillas,Cuevo,Cuevo
Santa Cruz,Florida,Samaipata,Samaipata,"Samaipata, San Juan del Rosario"
Santa Cruz,Florida,Samaipata,Pampa Grande,"Mataral, Pampa Grande"
Santa Cruz,Florida,Samaipata,Mairana,Mairana
Santa Cruz,Florida,Samaipata,Quirusillas,Quirusillas
Santa Cruz,Germán Busch,Puerto Suárez,Puerto Suárez,Puerto Suárez
Santa Cruz,Germán Busch,Puerto Suárez,Puerto Quijarro,Puerto Quijarro
Santa Cruz,Germán Busch,Puerto Suárez,El Carmen Rivero Torres,El Carmen Rivero Torres
Santa Cruz,Guarayos,Ascensión,Ascensión de Guarayos,
Santa Cruz,Guarayos,Ascensión,El Puente,
Santa Cruz,Guarayos,Ascensión,Urubichá,
Santa Cruz,Ichilo,Buena Vista,Yapacani,Yapacani
Santa Cruz,Ichilo,Buena Vista,San Carlos,San Carlos
Santa Cruz,Ichilo,Buena Vista,Buena Vista,"Buena Vista, Sanisidro, San Javier, San Miguel"
Santa Cruz,Ignacio Warnes,Warnes,Warnes,
Santa Cruz,Ignacio Warnes,Warnes,Okinawa,
Santa Cruz,José Miguel de Velasco,San Ignacio de Velasco,San Ignacio,
Santa Cruz,José Miguel de Velasco,San Ignacio de Velasco,San Miguel,
Santa Cruz,José Miguel de Velasco,San Ignacio de Velasco,San Rafael,
Santa Cruz,Manuel María Caballero,Comarapa,Comarapa,
Santa Cruz,Manuel María Caballero,Comarapa,Saipina,
Santa Cruz,Ñuflo de Chávez,Concepción,Concepcion,
Santa Cruz,Ñuflo de Chávez,Concepción,San Ramon,
Santa Cruz,Ñuflo de Chávez,Concepción,San Javier,
Santa Cruz,Ñuflo de Chávez,Concepción,San Antonio de Lomerio,
Santa Cruz,Ñuflo de Chávez,Concepción,San Juliÿn,
Santa Cruz,Obispo Santistevan,Montero,Montero,Montero
Santa Cruz,Obispo Santistevan,Montero,Mineros,Mineros
Santa Cruz,Obispo Santistevan,Montero,General Saavedra,General Saavedra
Santa Cruz,Obispo Santistevan,Montero,Puerto Fernández Alonso,"Puerto Fernández Alonso, Chané Independencia"
Santa Cruz,Obispo Santistevan,Montero,San Pedro,
Santa Cruz,Sara,Portachuelo,Portachuelo,"La Estrella, Portachuelo"
Santa Cruz,Sara,Portachuelo,Santa Rosa,"Palometas, Santa Rosa"
Santa Cruz,Vallegrande,Vallegrande,Vallegrande,"Alto Seco, Chaco, El Bello, Guadalupe, Khasa Monte, Loma Larga, Mankaillpa, Masicuri, Naranjos, Piraymiri, San Juan del Tucumancillo, Santa Ana, Santa Rosita, Sitanos, Temporal, Vallegrande"
Santa Cruz,Vallegrande,Vallegrande,Moro Moro,"Abra el Astillero, Añapancu, Ariruma, La Laja, Moro Moro"
Santa Cruz,Vallegrande,Vallegrande,Pucará,"Pucará, La Higuera"
Santa Cruz,Vallegrande,Vallegrande,Postrer Valle,"Postrer Valle, San Juan de la Ladera, Tierras Nuevas"
Santa Cruz,Vallegrande,Vallegrande,Trigal,"Aguada, Lagunillas, Muyurina, Trigal"
Tarija,Aniceto Arce,Padcaya,Padcaya,"Camacho, Cañas, Chaguaya, La Merced, Mecoya,     Orozas, Padcaya, Rejara, Rosillas, San Francisco, Tacuara, Tariquia"
Tarija,Aniceto Arce,Padcaya,Bermejo,"Arrozales, Bermejo, Candaditos, Porcelana"
Tarija,Burnet O'Connor,Entre Ríos,Entre Ríos,"Chimeo, Chiquiaca, Entre Ríos, Huayco, Ipaguazu, La Cueva, Narvaez, Salinas, San Diego, Suaruro, Tapurayo"
Tarija,Cercado,Tarija,Tarija,"Alto España, Junacas, Lazareto, San Agustín,      San Mateo, Santa Ana, Tarija, Tolomosa, Yesera"
Tarija,Eustaquio Méndez,San Lorenzo,San Lorenzo,"Cajas, Calama, El Rancho, Erquis, La Victoria, Leon Cancha, San Lorencito, San Lorenzo, San Pedro de las Peñas, Sella Mendez, Tomatas, Tomatas Grande"
Tarija,Eustaquio Méndez,San Lorenzo,El Puente,"Carrizal, Chayaza, Curqui, El Puente, Huarmachi, Ircalaya, Iscayachi, Paicho, Tomayapo"
Tarija,Gran Chaco,Yacuíba,Yacuíba,"Aguayrenda, Caiza, Yacuíba"
Tarija,Gran Chaco,Yacuíba,Villamontes,Villamontes
Tarija,Gran Chaco,Yacuíba,Caraparí,"Caraparí, Itau, Saladillo, Zapatero"
Tarija,José María Avilés,Uriondo,Uriondo,"Chocloca, Juntas, Uriondo"
Tarija,José María Avilés,Uriondo,Yunchará,"Arteza, Belen, Buena Vista, Churquis, Copacabana, Palqui, Noquera, San Pedro, Santa Cruz de Azloca, Tojo, Yunchará"